구분,사업장번호,신청사업자명,사업장명,사업장 주소,설치업체,업체설치여부,설치비용,건물용도,계측기설치장소,부하형태,전동기용량(kW),계측설비대수,인버터용량(kW),계측정보,계량기시리얼넘버,모뎀시리얼넘버,타입,CT배율,PT배율,인버터 제조사,인버터 모델명
63,201602260187 ,(주)유성실리카,(주)유성실리카,충청북도 괴산군 청천면 금평로 215 ,누리텔레콤,계량기+모뎀,70,일반건물,제1분쇄기 기계실,블로워,75KW,1,75KW,전력량,00-360000232,01224272988,민수용(3상3선식),200/5,380/220,LS산전,SV0750iS7-4SOD(E)
8,201602230014-1,(주)이랜드리테일,2001아울렛 천호점,서울특별시 강동구 구천면로 189 (천호동)  2001아울렛 천호점,누리텔레콤,모뎀,25,일반건물,지하 6층 기계실,펌프,37KW,1,37KW,전력량+주파수,00-360000233,01220543054,민수용(3상3선식),100/5,380/220,댄포스,FC102P37KT4 
27,201602240015 ,한세이프(주),한세이프(주),충청북도 청주시 흥덕구 직지대로474번길 2 (송정동) ,누리텔레콤,계량기+모뎀,50,공장,공장동 정문,컴프래서,75KW,1,75KW,전력량+주파수,00-360000234,01224272959,민수용(3상3선식),300/5,440/220,LS산전,SV0750iS7-4SOD(E)
,201602250064-2,한솔제지,한솔제지,충청남도 서천군 장항읍 장산로 149 ,누리텔레콤,-,-,공장,공장 전기실,펌프,132KW,1,132KW,전력량,00-360000235,01224273045,민수용(3상3선식),300/5,440/220,LS산전,SV1320iS7-4SOD(E)
,201602230014-2,(주)이랜드리테일,2001아울렛 천호점,서울특별시 강동구 구천면로 189 (천호동)  2001아울렛 천호점,누리텔레콤,-,-,일반건물,지하 6층 기계실,펌프,37KW,1,37KW,전력량+주파수,00-360000236,01220172969,민수용(3상3선식),100/5,380/220,댄포스,FC102P37KT4 
12,201602230027-1,웅진에너지 주식회사,웅진에너지 주식회사,대전광역시 유성구 테크노2로 37 (관평동) 웅진에너지,누리텔레콤,계량기+모뎀,90,공장,제1공장,펌프,110KW,1,110W,전력량+주파수,00-360000237,01224272943,민수용(3상3선식),200/5,440/220,LS산전,SV1100iS7-4SOD(E)
,201602230010-3,(주)이랜드리테일,NC백화점 강서점,서울특별시 강서구 강서로56길 17 (등촌동) NC백화점 강서점,누리텔레콤,-,-,일반건물,2F 북측 공조실,,22KW,1,22KW,전력량+주파수,00-360000238,01220533054,민수용(3상3선식),100/5,380/220,댄포스,FC102P22KT4 
45,201602250005-1,(주)에스원,(주)심텍 청주공장,"충청북도 청주시 흥덕구 산단로 73 (송정동, (주)심텍) ",누리텔레콤,모뎀,25,공장,기계실,펌프,55KW,1,55KW,전력량,00-360000242,01224273085,민수용(3상3선식),200/5,1,ABB,ACS510-01-125A-4
,201602250005-2,(주)에스원,(주)심텍 청주공장,"충청북도 청주시 흥덕구 산단로 73 (송정동, (주)심텍) ",누리텔레콤,-,-,공장,기계실,펌프,75KW,1,75KW,전력량,00-360000243,01224273018,민수용(3상3선식),300/5,1,ABB,ACS510-01-157A-4
,201602230010-2,(주)이랜드리테일,NC백화점 강서점,서울특별시 강서구 강서로56길 17 (등촌동) NC백화점 강서점,누리텔레콤,-,-,일반건물,2F 남측 공조실,,22KW,1,22KW,전력량+주파수,00-360000244,01224230450,민수용(3상3선식),100/5,380/220,댄포스,FC102P22KT4 
3,201602220020 ,한일제관,한일제관,충청북도 음성군 삼성면 하이텍산단로 84 ,누리텔레콤,모뎀,25,공장,품질사무실,블로워,55kW,1,55kW,전력량+주파수,00-360000247,01224230502,민수용(3상3선식),200/5,440/220,LS산전,sv0550iS7-4SOD(E)
,201602230027-2,웅진에너지 주식회사,웅진에너지 주식회사,대전광역시 유성구 테크노2로 37 (관평동) 웅진에너지,누리텔레콤,-,-,공장,제1공장,펌프,110KW,1,110W,전력량,00-360000250,01224273074,민수용(3상3선식),200/5,440/220,LS산전,SV1100iS7-4SOD(E)
56,201602260101 ,서신식품(주),서신식품(주),충청북도 음성군 맹동면 맹동산단로 62 ,누리텔레콤,계량기+모뎀,70,공장,외곽 콤프레셔실,컴프래서,75KW,1,75KW,전력량,00-360000252,01224272953,민수용(3상3선식),200/5,380/220,LS산전,SV0750iS7-4SOD(E)
,201602240061-2,(주)이랜드리테일,NC백화점 중앙로역점,대전광역시 중구 중앙로 141 (선화동) NC백화점 중앙로역점,누리텔레콤,-,-,일반건물,1층 EPS실,팬,22KW,1,22KW,전력량+주파수,00-360000258,01224272958,민수용(3상3선식),100/5,440/220,댄포스,FC102P22KT4 
48,201602250021 ,코오롱인더스트리(주)대산공장,코오롱인더스트리(주)대산공장,충청남도 서산시 대산읍 대죽1로 100 코오롱인더스트리(주),누리텔레콤,계량기+모뎀,75,공장,1층 전기실,펌프,120KW,1,120KW,전력량,00-360000259,01224273087,민수용(3상3선식),400/5,440/220,ABB,ACS510
47,201602250020 ,아드반테스트코리아(주),아드반테스트코리아(주),충청남도 천안시 서북구 3공단6로 140 (차암동) 아드반테스트코리아(주),누리텔레콤,계량기+모뎀,70,공장,기계실,컴프래서,185KW,1,185KW,전력량+주파수,00-360000260,01224273035,민수용(3상3선식),300/5,440/220,LS산전,SV1580IS7-4SOD(E)
46,201602250010 ,케이지피 주식회사,케이지피 주식회사,충청남도 아산시 시민로485번길 47 (온천동) ,누리텔레콤,계량기+모뎀,,공장,전기실,펌프,220KW,1,220KW,전력량,00-360000262,01224273092,민수용(3상3선식),500/5,440/220,LS산전,SV2200IS7-4SOD
29,201602240019 ,(주)알테크노메탈,(주)알테크노메탈,충청남도 당진시 송악읍 부곡공단4길 28-304 (주)알테크노메탈,누리텔레콤,계량기+모뎀,50,공장,A동 집진기,팬,37KW,2,74KW,전력량+주파수,00-360000264,01224273022,민수용(3상3선식),250/5,380/220,LS산전,SV0370iS7-4SOD(E)
36,201602240061-1,(주)이랜드리테일,NC백화점 중앙로역점,대전광역시 중구 중앙로 141 (선화동) NC백화점 중앙로역점,누리텔레콤,모뎀,25,일반건물,1층 EPS실,팬,22KW,1,22KW,전력량+주파수,00-360000281,01224273046,민수용(3상3선식),100/5,440/220,댄포스,FC102P22KT4 
54,201602250064-1,한솔제지,한솔제지,충청남도 서천군 장항읍 장산로 149 ,누리텔레콤,계량기+모뎀,50,공장,공장 전기실,펌프,132KW,1,132KW,전력량+주파수,00-360000282,01224230547,민수용(3상3선식),300/5,440/220,LS산전,SV1320iS7-4SOD(E)
5,201602230010-1,(주)이랜드리테일,NC백화점 강서점,서울특별시 강서구 강서로56길 17 (등촌동) NC백화점 강서점,누리텔레콤,모뎀,25,일반건물,지하 7층 기계실,,75KW,1,75KW,전력량+주파수,00-360000283,01224273014,민수용(3상3선식),200/5,380/220,댄포스,FC102P75KT4
,201602260128-2,롯데쇼핑(주),대전점,"대전광역시 서구 계룡로 598 (괴정동, 롯데백화점) ",누리텔레콤,-,-,일반건물,8층 우상공조실,팬,22KW,1,22KW,전력량,00-450083417,01224273079,"G-type(3상4선식, 단독)",1,1,LS산전,SV0220iS7-4NOFD(E)
60,201602260128-1,롯데쇼핑(주),대전점,"대전광역시 서구 계룡로 598 (괴정동, 롯데백화점) ",누리텔레콤,계량기+모뎀,50,일반건물,9층 우상공조실,팬,22KW,1,22KW,전력량,00-450083419,01224273026,"G-type(3상4선식, 단독)",1,1,LS산전,SV0220iS7-4NOFD(E)
,201602260128-3,롯데쇼핑(주),대전점,"대전광역시 서구 계룡로 598 (괴정동, 롯데백화점) ",누리텔레콤,-,-,일반건물,7층 우상공조실,팬,22KW,1,22KW,전력량,00-450083461,01224272971,"G-type(3상4선식, 단독)",1,1,LS산전,SV0220iS7-4NOFD(E)
24,201602240005 ,(주)종근당 ,(주)종근당 ,충청남도 천안시 서북구 성거읍 망향로 797-48 종근당 천안공장 ,누리텔레콤,계량기+모뎀,50,공장,설비동 4층 기계실,,30KW,1,30KW,전력량,00-450083462,01224273017,"G-type(3상4선식, 단독)",1,1,LS산전,SV0300iP5A-4NO
28,201602240016 ,주식회사 지디,청주공장,충청북도 청주시 흥덕구 대신로146번길 174 (송정동) 주식회사 지디,누리텔레콤,계량기+모뎀,50,공장,공장 5층기계실,블로워,45KW,1,45KW,전력량+주파수,00-450083464,01224273061,"G-type(3상4선식, 단독)",1,1,LS산전,SV0450iS7-4SOD(E)
,201602250045-4,엘지전자,강남R&D센터,서울특별시 강남구 남부순환로 2621 (도곡동) LG전자 강남R&D센터,누리텔레콤,-,-,일반건물,19층 공조실,팬,7.5KW,1,7.5KW,전력량+주파수,00-450083465,01224273066,"G-type(3상4선식, 단독)",1,1,댄포스,FC102P7K5T4 
,201602250045-3,엘지전자,강남R&D센터,서울특별시 강남구 남부순환로 2621 (도곡동) LG전자 강남R&D센터,누리텔레콤,-,-,일반건물,4층 공조실,팬,7.5KW,1,7.5KW,전력량+주파수,00-450083466,01224272939,"G-type(3상4선식, 단독)",1,1,댄포스,FC102P7K5T4 
52,201602250045-2,엘지전자,강남R&D센터,서울특별시 강남구 남부순환로 2621 (도곡동) LG전자 강남R&D센터,누리텔레콤,계량기+모뎀,55,일반건물,19층 공조실,팬,5.5KW,1,5.5KW,전력량+주파수,00-450083467,01224273096,"G-type(3상4선식, 단독)",1,1,댄포스,FC102P5K5T4
53,201602250059 ,(주)심텍,오창공장,"충청북도 청주시 흥덕구 산단로 73 (송정동, (주)심텍) 시설관리팀 전기파트",누리텔레콤,자체설치,0,공장,오창 연구동 1층기계실,펌프,22KW,1,22KW,전력량,00-450083469,01224230521,"G-type(3상4선식, 단독)",1,1,LS산전,SV0220iS7-4NOFD(E)
62,201602260154 ,(주)동원에프앤비아산공장,(주)동원에프앤비아산공장,충청남도 아산시 둔포면 윤보선로 320 ,누리텔레콤,계량기+모뎀,,일반건물,정수실,펌프,15KW,2,15KW,전력량+주파수,00-450083470,01220800675,"G-type(3상4선식, 단독)",1,1,LS산전,SV015iG5A-4
58,201602260125 ,롯데쇼핑(주),아울렛 청주점,충청북도 청주시 흥덕구 2순환로 1004 (비하동) ,누리텔레콤,계량기+모뎀,50,일반건물,3층 8호기 공조실,팬,30KW,1,30KW,전력량,00-450083522,01224230559,"G-type(3상4선식, 단독)",1,1,LS산전,SV0300iS7-4SOD(E)
23,201602240004 ,(주)에코프로,(주)에코프로,충청북도 청주시 청원구 오창읍 과학산업2로 587-40 ,누리텔레콤,계량기+모뎀,,공장,공장 옥상,팬,15KW,1,15KW,전력량+주파수,00-450083524,01224273075,"G-type(3상4선식, 단독)",1,1,LS산전,SV0150iS7-4NOFD(E)
41,201602240082 ,미래비엠,이마트 동해점,강원도 동해시 천곡로 100 (천곡동) ,누리텔레콤,계량기+모뎀,50,일반건물,매장,펌프,22KW,1,22KW,전력량+주파수,00-450086602,01224230548,"G-type(3상4선식, 단독)",1,1,댄포스,FC102P22KT4 
,201602250045-1,엘지전자,강남R&D센터,서울특별시 강남구 남부순환로 2621 (도곡동) LG전자 강남R&D센터,누리텔레콤,-,-,일반건물,4층 공조실,팬,5.5KW,1,5.5KW,전력량+주파수,00-450086604,01224272979,"G-type(3상4선식, 단독)",1,1,댄포스,FC102P5K5T4
,201602250045-2,엘지전자,강남R&D센터,서울특별시 강남구 남부순환로 2622 (도곡동) LG전자 강남R&D센터,누리텔레콤,-,-,일반건물,5층 공조실,컴프래서,,1,,,00-450083393,01224272980,"G-type(3상5선식, 단독)",1,1,댄포스,FC102P5K5T5
,201602250045-3,엘지전자,강남R&D센터,서울특별시 강남구 남부순환로 2623 (도곡동) LG전자 강남R&D센터,누리텔레콤,-,-,일반건물,6층 공조실,팬,,1,,,00-450083394,01224272981,"G-type(3상6선식, 단독)",1,1,댄포스,FC102P5K5T6
,201602250045-4,엘지전자,강남R&D센터,서울특별시 강남구 남부순환로 2624 (도곡동) LG전자 강남R&D센터,누리텔레콤,-,-,일반건물,7층 공조실,팬,,1,,,00-450083396,01224272982,"G-type(3상7선식, 단독)",1,1,댄포스,FC102P5K5T7
,201602250045-5,엘지전자,강남R&D센터,서울특별시 강남구 남부순환로 2625 (도곡동) LG전자 강남R&D센터,누리텔레콤,-,-,일반건물,8층 공조실,컴프래서,,1,,,00-450083411,01224272983,"G-type(3상8선식, 단독)",1,1,댄포스,FC102P5K5T8
,201602250045-6,엘지전자,강남R&D센터,서울특별시 강남구 남부순환로 2626 (도곡동) LG전자 강남R&D센터,누리텔레콤,-,-,일반건물,9층 공조실,팬,,1,,,00-450083412,01224272984,"G-type(3상9선식, 단독)",1,1,댄포스,FC102P5K5T9
,201602250045-7,엘지전자,강남R&D센터,서울특별시 강남구 남부순환로 2627 (도곡동) LG전자 강남R&D센터,누리텔레콤,-,-,일반건물,10층 공조실,컴프래서,,1,,,00-450083452,01224272985,"G-type(3상10선식, 단독)",1,1,댄포스,FC102P5K5T10
,201602250045-8,엘지전자,강남R&D센터,서울특별시 강남구 남부순환로 2628 (도곡동) LG전자 강남R&D센터,누리텔레콤,-,-,일반건물,11층 공조실,팬,,1,,,00-450083460,01224272986,"G-type(3상11선식, 단독)",1,1,댄포스,FC102P5K5T11
,201602250045-9,엘지전자,강남R&D센터,서울특별시 강남구 남부순환로 2629 (도곡동) LG전자 강남R&D센터,누리텔레콤,-,-,일반건물,12층 공조실,팬,,1,,,00-450083481,01224272987,"G-type(3상12선식, 단독)",1,1,댄포스,FC102P5K5T12
,201602250045-10,엘지전자,강남R&D센터,서울특별시 강남구 남부순환로 2630 (도곡동) LG전자 강남R&D센터,누리텔레콤,-,-,일반건물,13층 공조실,팬,,1,,,00-450083482,01224272988,"G-type(3상13선식, 단독)",1,1,댄포스,FC102P5K5T13
,201602250045-11,엘지전자,강남R&D센터,서울특별시 강남구 남부순환로 2631 (도곡동) LG전자 강남R&D센터,누리텔레콤,-,-,일반건물,14층 공조실,컴프래서,,1,,,00-450083483,01224272989,"G-type(3상14선식, 단독)",1,1,댄포스,FC102P5K5T14
,201602250045-12,엘지전자,강남R&D센터,서울특별시 강남구 남부순환로 2632 (도곡동) LG전자 강남R&D센터,누리텔레콤,-,-,일반건물,15층 공조실,펌프,,1,,,00-450083520,01224272990,"G-type(3상15선식, 단독)",1,1,댄포스,FC102P5K5T15
,201602250045-13,엘지전자,강남R&D센터,서울특별시 강남구 남부순환로 2633 (도곡동) LG전자 강남R&D센터,누리텔레콤,-,-,일반건물,16층 공조실,팬,,1,,,00-450083560,01224272991,"G-type(3상16선식, 단독)",1,1,댄포스,FC102P5K5T16
,201602250045-14,엘지전자,강남R&D센터,서울특별시 강남구 남부순환로 2634 (도곡동) LG전자 강남R&D센터,누리텔레콤,-,-,일반건물,17층 공조실,팬,,1,,,00-460000016,01224272992,"G-type(3상17선식, 단독)",1,1,댄포스,FC102P5K5T17
,201602250045-15,엘지전자,강남R&D센터,서울특별시 강남구 남부순환로 2635 (도곡동) LG전자 강남R&D센터,누리텔레콤,-,-,일반건물,18층 공조실,펌프,,1,,,00-460000017,01224272993,"G-type(3상18선식, 단독)",1,1,댄포스,FC102P5K5T18
,201602250045-16,엘지전자,강남R&D센터,서울특별시 강남구 남부순환로 2636 (도곡동) LG전자 강남R&D센터,누리텔레콤,-,-,일반건물,19층 공조실,팬,,1,,,00-460000020,01224272994,"G-type(3상19선식, 단독)",1,1,댄포스,FC102P5K5T19
,201602250045-17,엘지전자,강남R&D센터,서울특별시 강남구 남부순환로 2637 (도곡동) LG전자 강남R&D센터,누리텔레콤,-,-,일반건물,20층 공조실,펌프,,1,,,00-460000021,01224272995,"G-type(3상20선식, 단독)",1,1,댄포스,FC102P5K5T20
,201602250045-18,엘지전자,강남R&D센터,서울특별시 강남구 남부순환로 2638 (도곡동) LG전자 강남R&D센터,누리텔레콤,-,-,일반건물,21층 공조실,펌프,,1,,,00-460000022,01224272996,"G-type(3상21선식, 단독)",1,1,댄포스,FC102P5K5T21
,201602250045-19,엘지전자,강남R&D센터,서울특별시 강남구 남부순환로 2639 (도곡동) LG전자 강남R&D센터,누리텔레콤,-,-,일반건물,22층 공조실,컴프래서,,1,,,00-460000024,01224272997,"G-type(3상22선식, 단독)",1,1,댄포스,FC102P5K5T22
,201602250045-20,엘지전자,강남R&D센터,서울특별시 강남구 남부순환로 2640 (도곡동) LG전자 강남R&D센터,누리텔레콤,-,-,일반건물,23층 공조실,펌프,,1,,,00-460000025,01224272998,"G-type(3상23선식, 단독)",1,1,댄포스,FC102P5K5T23
,201602250045-21,엘지전자,강남R&D센터,서울특별시 강남구 남부순환로 2641 (도곡동) LG전자 강남R&D센터,누리텔레콤,-,-,일반건물,24층 공조실,펌프,,1,,,00-460000030,01224272999,"G-type(3상24선식, 단독)",1,1,댄포스,FC102P5K5T24
,201602250045-22,엘지전자,강남R&D센터,서울특별시 강남구 남부순환로 2642 (도곡동) LG전자 강남R&D센터,누리텔레콤,-,-,일반건물,25층 공조실,컴프래서,,1,,,00-460000032,01224273000,"G-type(3상25선식, 단독)",1,1,댄포스,FC102P5K5T25
,201602250045-23,엘지전자,강남R&D센터,서울특별시 강남구 남부순환로 2643 (도곡동) LG전자 강남R&D센터,누리텔레콤,-,-,일반건물,26층 공조실,컴프래서,,1,,,00-460000040,01224273001,"G-type(3상26선식, 단독)",1,1,댄포스,FC102P5K5T26
,201602250045-24,엘지전자,강남R&D센터,서울특별시 강남구 남부순환로 2644 (도곡동) LG전자 강남R&D센터,누리텔레콤,-,-,일반건물,27층 공조실,컴프래서,,1,,,00-460000042,01224273002,"G-type(3상27선식, 단독)",1,1,댄포스,FC102P5K5T27
,201602250045-25,엘지전자,강남R&D센터,서울특별시 강남구 남부순환로 2645 (도곡동) LG전자 강남R&D센터,누리텔레콤,-,-,일반건물,28층 공조실,팬,,1,,,00-460000047,01224273003,"G-type(3상28선식, 단독)",1,1,댄포스,FC102P5K5T28
,201602250045-26,엘지전자,강남R&D센터,서울특별시 강남구 남부순환로 2646 (도곡동) LG전자 강남R&D센터,누리텔레콤,-,-,일반건물,29층 공조실,컴프래서,,1,,,00-50151143002356,01224273004,"G-type(3상29선식, 단독)",1,1,댄포스,FC102P5K5T29
,201602250045-27,엘지전자,강남R&D센터,서울특별시 강남구 남부순환로 2647 (도곡동) LG전자 강남R&D센터,누리텔레콤,-,-,일반건물,30층 공조실,펌프,,1,,,00-50151143002357,01224273005,"G-type(3상30선식, 단독)",1,1,댄포스,FC102P5K5T30
,201602250045-28,엘지전자,강남R&D센터,서울특별시 강남구 남부순환로 2648 (도곡동) LG전자 강남R&D센터,누리텔레콤,-,-,일반건물,31층 공조실,팬,,1,,,00-50151143002359,01224273006,"G-type(3상31선식, 단독)",1,1,댄포스,FC102P5K5T31
,201602250045-29,엘지전자,강남R&D센터,서울특별시 강남구 남부순환로 2649 (도곡동) LG전자 강남R&D센터,누리텔레콤,-,-,일반건물,32층 공조실,팬,,1,,,00-50151143003351,01224273007,"G-type(3상32선식, 단독)",1,1,댄포스,FC102P5K5T32
,201602250045-30,엘지전자,강남R&D센터,서울특별시 강남구 남부순환로 2650 (도곡동) LG전자 강남R&D센터,누리텔레콤,-,-,일반건물,33층 공조실,컴프래서,,1,,,00-50151143003352,01224273008,"G-type(3상33선식, 단독)",1,1,댄포스,FC102P5K5T33
,201602250045-31,엘지전자,강남R&D센터,서울특별시 강남구 남부순환로 2651 (도곡동) LG전자 강남R&D센터,누리텔레콤,-,-,일반건물,34층 공조실,팬,,1,,,00-50151143003353,01224273009,"G-type(3상34선식, 단독)",1,1,댄포스,FC102P5K5T34
,201602250045-32,엘지전자,강남R&D센터,서울특별시 강남구 남부순환로 2652 (도곡동) LG전자 강남R&D센터,누리텔레콤,-,-,일반건물,35층 공조실,팬,,1,,,00-50151143003356,01224273010,"G-type(3상35선식, 단독)",1,1,댄포스,FC102P5K5T35
,201602250045-33,엘지전자,강남R&D센터,서울특별시 강남구 남부순환로 2653 (도곡동) LG전자 강남R&D센터,누리텔레콤,-,-,일반건물,36층 공조실,컴프래서,,1,,,00-50151143003357,01224273011,"G-type(3상36선식, 단독)",1,1,댄포스,FC102P5K5T36
,201602250045-34,엘지전자,강남R&D센터,서울특별시 강남구 남부순환로 2654 (도곡동) LG전자 강남R&D센터,누리텔레콤,-,-,일반건물,37층 공조실,펌프,,1,,,00-50151143003358,01224273012,"G-type(3상37선식, 단독)",1,1,댄포스,FC102P5K5T37
,201602250045-35,엘지전자,강남R&D센터,서울특별시 강남구 남부순환로 2655 (도곡동) LG전자 강남R&D센터,누리텔레콤,-,-,일반건물,38층 공조실,팬,,1,,,00-50151143003359,01224273013,"G-type(3상38선식, 단독)",1,1,댄포스,FC102P5K5T38
,201602250045-36,엘지전자,강남R&D센터,서울특별시 강남구 남부순환로 2656 (도곡동) LG전자 강남R&D센터,누리텔레콤,-,-,일반건물,39층 공조실,펌프,,1,,,00-50151143003361,01224273014,"G-type(3상39선식, 단독)",1,1,댄포스,FC102P5K5T39
,201602250045-37,엘지전자,강남R&D센터,서울특별시 강남구 남부순환로 2657 (도곡동) LG전자 강남R&D센터,누리텔레콤,-,-,일반건물,40층 공조실,팬,,1,,,00-50151143003363,01224273015,"G-type(3상40선식, 단독)",1,1,댄포스,FC102P5K5T40
,201602250045-38,엘지전자,강남R&D센터,서울특별시 강남구 남부순환로 2658 (도곡동) LG전자 강남R&D센터,누리텔레콤,-,-,일반건물,41층 공조실,팬,,1,,,00-50151143003364,01224273016,"G-type(3상41선식, 단독)",1,1,댄포스,FC102P5K5T41
,201602250045-39,엘지전자,강남R&D센터,서울특별시 강남구 남부순환로 2659 (도곡동) LG전자 강남R&D센터,누리텔레콤,-,-,일반건물,42층 공조실,블로워,,1,,,00-50151143003367,01224273017,"G-type(3상42선식, 단독)",1,1,댄포스,FC102P5K5T42
,201602250045-40,엘지전자,강남R&D센터,서울특별시 강남구 남부순환로 2660 (도곡동) LG전자 강남R&D센터,누리텔레콤,-,-,일반건물,43층 공조실,컴프래서,,1,,,00-50151143003368,01224273018,"G-type(3상43선식, 단독)",1,1,댄포스,FC102P5K5T43
,201602250045-41,엘지전자,강남R&D센터,서울특별시 강남구 남부순환로 2661 (도곡동) LG전자 강남R&D센터,누리텔레콤,-,-,일반건물,44층 공조실,팬,,1,,,00-50151143003372,01224273019,"G-type(3상44선식, 단독)",1,1,댄포스,FC102P5K5T44
,201602250045-42,엘지전자,강남R&D센터,서울특별시 강남구 남부순환로 2662 (도곡동) LG전자 강남R&D센터,누리텔레콤,-,-,일반건물,45층 공조실,팬,,1,,,00-50151143003375,01224273020,"G-type(3상45선식, 단독)",1,1,댄포스,FC102P5K5T45
,201602250045-43,엘지전자,강남R&D센터,서울특별시 강남구 남부순환로 2663 (도곡동) LG전자 강남R&D센터,누리텔레콤,-,-,일반건물,46층 공조실,펌프,,1,,,00-50151143003378,01224273021,"G-type(3상46선식, 단독)",1,1,댄포스,FC102P5K5T46
,201602250045-44,엘지전자,강남R&D센터,서울특별시 강남구 남부순환로 2664 (도곡동) LG전자 강남R&D센터,누리텔레콤,-,-,일반건물,47층 공조실,펌프,,1,,,00-50151143003382,01224273022,"G-type(3상47선식, 단독)",1,1,댄포스,FC102P5K5T47
,201602250045-45,엘지전자,강남R&D센터,서울특별시 강남구 남부순환로 2665 (도곡동) LG전자 강남R&D센터,누리텔레콤,-,-,일반건물,48층 공조실,펌프,,1,,,00-50151143003385,01224273023,"G-type(3상48선식, 단독)",1,1,댄포스,FC102P5K5T48
,201602250045-46,엘지전자,강남R&D센터,서울특별시 강남구 남부순환로 2666 (도곡동) LG전자 강남R&D센터,누리텔레콤,-,-,일반건물,49층 공조실,팬,,1,,,00-50151143003386,01224273024,"G-type(3상49선식, 단독)",1,1,댄포스,FC102P5K5T49
,201602250045-47,엘지전자,강남R&D센터,서울특별시 강남구 남부순환로 2667 (도곡동) LG전자 강남R&D센터,누리텔레콤,-,-,일반건물,50층 공조실,팬,,1,,,00-50151143003387,01224273025,"G-type(3상50선식, 단독)",1,1,댄포스,FC102P5K5T50
,201602250045-48,엘지전자,강남R&D센터,서울특별시 강남구 남부순환로 2668 (도곡동) LG전자 강남R&D센터,누리텔레콤,-,-,일반건물,51층 공조실,팬,,1,,,00-50151143003391,01224273026,"G-type(3상51선식, 단독)",1,1,댄포스,FC102P5K5T51
,201602250045-49,엘지전자,강남R&D센터,서울특별시 강남구 남부순환로 2669 (도곡동) LG전자 강남R&D센터,누리텔레콤,-,-,일반건물,52층 공조실,팬,,1,,,00-50151143003392,01224273027,"G-type(3상52선식, 단독)",1,1,댄포스,FC102P5K5T52
,201602250045-50,엘지전자,강남R&D센터,서울특별시 강남구 남부순환로 2670 (도곡동) LG전자 강남R&D센터,누리텔레콤,-,-,일반건물,53층 공조실,팬,,1,,,00-50151143003393,01224273028,"G-type(3상53선식, 단독)",1,1,댄포스,FC102P5K5T53
,201602250045-51,엘지전자,강남R&D센터,서울특별시 강남구 남부순환로 2671 (도곡동) LG전자 강남R&D센터,누리텔레콤,-,-,일반건물,54층 공조실,컴프래서,,1,,,00-50151143003394,01224273029,"G-type(3상54선식, 단독)",1,1,댄포스,FC102P5K5T54
,201602250045-52,엘지전자,강남R&D센터,서울특별시 강남구 남부순환로 2672 (도곡동) LG전자 강남R&D센터,누리텔레콤,-,-,일반건물,55층 공조실,컴프래서,,1,,,00-50151143003396,01224273030,"G-type(3상55선식, 단독)",1,1,댄포스,FC102P5K5T55
,201602250045-53,엘지전자,강남R&D센터,서울특별시 강남구 남부순환로 2673 (도곡동) LG전자 강남R&D센터,누리텔레콤,-,-,일반건물,56층 공조실,팬,,1,,,00-50151143003397,01224273031,"G-type(3상56선식, 단독)",1,1,댄포스,FC102P5K5T56
,201602250045-54,엘지전자,강남R&D센터,서울특별시 강남구 남부순환로 2674 (도곡동) LG전자 강남R&D센터,누리텔레콤,-,-,일반건물,57층 공조실,펌프,,1,,,00-50151143003399,01224273032,"G-type(3상57선식, 단독)",1,1,댄포스,FC102P5K5T57
,201602250045-55,엘지전자,강남R&D센터,서울특별시 강남구 남부순환로 2675 (도곡동) LG전자 강남R&D센터,누리텔레콤,-,-,일반건물,58층 공조실,펌프,,1,,,00-50151143003400,01224273033,"G-type(3상58선식, 단독)",1,1,댄포스,FC102P5K5T58
,201602250045-56,엘지전자,강남R&D센터,서울특별시 강남구 남부순환로 2676 (도곡동) LG전자 강남R&D센터,누리텔레콤,-,-,일반건물,59층 공조실,팬,,1,,,00-50151143003404,01224273034,"G-type(3상59선식, 단독)",1,1,댄포스,FC102P5K5T59
,201602250045-57,엘지전자,강남R&D센터,서울특별시 강남구 남부순환로 2677 (도곡동) LG전자 강남R&D센터,누리텔레콤,-,-,일반건물,60층 공조실,펌프,,1,,,00-50151143003406,01224273035,"G-type(3상60선식, 단독)",1,1,댄포스,FC102P5K5T60
,201602250045-58,엘지전자,강남R&D센터,서울특별시 강남구 남부순환로 2678 (도곡동) LG전자 강남R&D센터,누리텔레콤,-,-,일반건물,61층 공조실,팬,,1,,,00-50151143003407,01224273036,"G-type(3상61선식, 단독)",1,1,댄포스,FC102P5K5T61
,201602250045-59,엘지전자,강남R&D센터,서울특별시 강남구 남부순환로 2679 (도곡동) LG전자 강남R&D센터,누리텔레콤,-,-,일반건물,62층 공조실,팬,,1,,,00-50151143003409,01224273037,"G-type(3상62선식, 단독)",1,1,댄포스,FC102P5K5T62
,201602250045-60,엘지전자,강남R&D센터,서울특별시 강남구 남부순환로 2680 (도곡동) LG전자 강남R&D센터,누리텔레콤,-,-,일반건물,63층 공조실,펌프,,1,,,00-50151143003410,01224273038,"G-type(3상63선식, 단독)",1,1,댄포스,FC102P5K5T63
,201602250045-61,엘지전자,강남R&D센터,서울특별시 강남구 남부순환로 2681 (도곡동) LG전자 강남R&D센터,누리텔레콤,-,-,일반건물,64층 공조실,펌프,,1,,,00-50151143003411,01224273039,"G-type(3상64선식, 단독)",1,1,댄포스,FC102P5K5T64
,201602250045-62,엘지전자,강남R&D센터,서울특별시 강남구 남부순환로 2682 (도곡동) LG전자 강남R&D센터,누리텔레콤,-,-,일반건물,65층 공조실,펌프,,1,,,00-50151143003412,01224273040,"G-type(3상65선식, 단독)",1,1,댄포스,FC102P5K5T65
,201602250045-63,엘지전자,강남R&D센터,서울특별시 강남구 남부순환로 2683 (도곡동) LG전자 강남R&D센터,누리텔레콤,-,-,일반건물,66층 공조실,펌프,,1,,,00-50151143003413,01224273041,"G-type(3상66선식, 단독)",1,1,댄포스,FC102P5K5T66
,201602250045-64,엘지전자,강남R&D센터,서울특별시 강남구 남부순환로 2684 (도곡동) LG전자 강남R&D센터,누리텔레콤,-,-,일반건물,67층 공조실,펌프,,1,,,00-50151143003416,01224273042,"G-type(3상67선식, 단독)",1,1,댄포스,FC102P5K5T67
,201602250045-65,엘지전자,강남R&D센터,서울특별시 강남구 남부순환로 2685 (도곡동) LG전자 강남R&D센터,누리텔레콤,-,-,일반건물,68층 공조실,펌프,,1,,,00-50151143003417,01224273043,"G-type(3상68선식, 단독)",1,1,댄포스,FC102P5K5T68
,201602250045-66,엘지전자,강남R&D센터,서울특별시 강남구 남부순환로 2686 (도곡동) LG전자 강남R&D센터,누리텔레콤,-,-,일반건물,69층 공조실,컴프래서,,1,,,00-50151143003419,01224273044,"G-type(3상69선식, 단독)",1,1,댄포스,FC102P5K5T69
,201602250045-67,엘지전자,강남R&D센터,서울특별시 강남구 남부순환로 2687 (도곡동) LG전자 강남R&D센터,누리텔레콤,-,-,일반건물,70층 공조실,팬,,1,,,00-50151143003421,01224273045,"G-type(3상70선식, 단독)",1,1,댄포스,FC102P5K5T70
,201602250045-68,엘지전자,강남R&D센터,서울특별시 강남구 남부순환로 2688 (도곡동) LG전자 강남R&D센터,누리텔레콤,-,-,일반건물,71층 공조실,블로워,,1,,,00-50151143003424,01224273046,"G-type(3상71선식, 단독)",1,1,댄포스,FC102P5K5T71
,201602250045-69,엘지전자,강남R&D센터,서울특별시 강남구 남부순환로 2689 (도곡동) LG전자 강남R&D센터,누리텔레콤,-,-,일반건물,72층 공조실,펌프,,1,,,00-50151143003425,01224273047,"G-type(3상72선식, 단독)",1,1,댄포스,FC102P5K5T72
,201602250045-70,엘지전자,강남R&D센터,서울특별시 강남구 남부순환로 2690 (도곡동) LG전자 강남R&D센터,누리텔레콤,-,-,일반건물,73층 공조실,팬,,1,,,00-50151143003426,01224273048,"G-type(3상73선식, 단독)",1,1,댄포스,FC102P5K5T73
,201602250045-71,엘지전자,강남R&D센터,서울특별시 강남구 남부순환로 2691 (도곡동) LG전자 강남R&D센터,누리텔레콤,-,-,일반건물,74층 공조실,컴프래서,,1,,,00-50151143003428,01224273049,"G-type(3상74선식, 단독)",1,1,댄포스,FC102P5K5T74
,201602250045-72,엘지전자,강남R&D센터,서울특별시 강남구 남부순환로 2692 (도곡동) LG전자 강남R&D센터,누리텔레콤,-,-,일반건물,75층 공조실,펌프,,1,,,00-50151143003430,01224273050,"G-type(3상75선식, 단독)",1,1,댄포스,FC102P5K5T75
,201602250045-73,엘지전자,강남R&D센터,서울특별시 강남구 남부순환로 2693 (도곡동) LG전자 강남R&D센터,누리텔레콤,-,-,일반건물,76층 공조실,팬,,1,,,00-50151143003431,01224273051,"G-type(3상76선식, 단독)",1,1,댄포스,FC102P5K5T76
,201602250045-74,엘지전자,강남R&D센터,서울특별시 강남구 남부순환로 2694 (도곡동) LG전자 강남R&D센터,누리텔레콤,-,-,일반건물,77층 공조실,팬,,1,,,00-50151143003432,01224273052,"G-type(3상77선식, 단독)",1,1,댄포스,FC102P5K5T77
,201602250045-75,엘지전자,강남R&D센터,서울특별시 강남구 남부순환로 2695 (도곡동) LG전자 강남R&D센터,누리텔레콤,-,-,일반건물,78층 공조실,컴프래서,,1,,,00-50151143003435,01224273053,"G-type(3상78선식, 단독)",1,1,댄포스,FC102P5K5T78
,201602250045-76,엘지전자,강남R&D센터,서울특별시 강남구 남부순환로 2696 (도곡동) LG전자 강남R&D센터,누리텔레콤,-,-,일반건물,79층 공조실,펌프,,1,,,00-50151143003436,01224273054,"G-type(3상79선식, 단독)",1,1,댄포스,FC102P5K5T79
,201602250045-77,엘지전자,강남R&D센터,서울특별시 강남구 남부순환로 2697 (도곡동) LG전자 강남R&D센터,누리텔레콤,-,-,일반건물,80층 공조실,펌프,,1,,,00-50151143003440,01224273055,"G-type(3상80선식, 단독)",1,1,댄포스,FC102P5K5T80
,201602250045-78,엘지전자,강남R&D센터,서울특별시 강남구 남부순환로 2698 (도곡동) LG전자 강남R&D센터,누리텔레콤,-,-,일반건물,81층 공조실,펌프,,1,,,00-50151143004056,01224273056,"G-type(3상81선식, 단독)",1,1,댄포스,FC102P5K5T81
,201602250045-79,엘지전자,강남R&D센터,서울특별시 강남구 남부순환로 2699 (도곡동) LG전자 강남R&D센터,누리텔레콤,-,-,일반건물,82층 공조실,블로워,,1,,,00-50151143004058,01224273057,"G-type(3상82선식, 단독)",1,1,댄포스,FC102P5K5T82
,201602250045-80,엘지전자,강남R&D센터,서울특별시 강남구 남부순환로 2700 (도곡동) LG전자 강남R&D센터,누리텔레콤,-,-,일반건물,83층 공조실,펌프,,1,,,00-50151143004861,01224273058,"G-type(3상83선식, 단독)",1,1,댄포스,FC102P5K5T83
,201602250045-81,엘지전자,강남R&D센터,서울특별시 강남구 남부순환로 2701 (도곡동) LG전자 강남R&D센터,누리텔레콤,-,-,일반건물,84층 공조실,컴프래서,,1,,,00-50151143004863,01224273059,"G-type(3상84선식, 단독)",1,1,댄포스,FC102P5K5T84
,201602250045-82,엘지전자,강남R&D센터,서울특별시 강남구 남부순환로 2702 (도곡동) LG전자 강남R&D센터,누리텔레콤,-,-,일반건물,85층 공조실,팬,,1,,,00-50151143004864,01224273060,"G-type(3상85선식, 단독)",1,1,댄포스,FC102P5K5T85
,201602250045-83,엘지전자,강남R&D센터,서울특별시 강남구 남부순환로 2703 (도곡동) LG전자 강남R&D센터,누리텔레콤,-,-,일반건물,86층 공조실,컴프래서,,1,,,00-50151143004865,01224273061,"G-type(3상86선식, 단독)",1,1,댄포스,FC102P5K5T86
,201602250045-84,엘지전자,강남R&D센터,서울특별시 강남구 남부순환로 2704 (도곡동) LG전자 강남R&D센터,누리텔레콤,-,-,일반건물,87층 공조실,팬,,1,,,00-50151143004866,01224273062,"G-type(3상87선식, 단독)",1,1,댄포스,FC102P5K5T87
,201602250045-85,엘지전자,강남R&D센터,서울특별시 강남구 남부순환로 2705 (도곡동) LG전자 강남R&D센터,누리텔레콤,-,-,일반건물,88층 공조실,팬,,1,,,00-50151143004867,01224273063,"G-type(3상88선식, 단독)",1,1,댄포스,FC102P5K5T88
,201602250045-86,엘지전자,강남R&D센터,서울특별시 강남구 남부순환로 2706 (도곡동) LG전자 강남R&D센터,누리텔레콤,-,-,일반건물,89층 공조실,펌프,,1,,,00-50151143004868,01224273064,"G-type(3상89선식, 단독)",1,1,댄포스,FC102P5K5T89
,201602250045-87,엘지전자,강남R&D센터,서울특별시 강남구 남부순환로 2707 (도곡동) LG전자 강남R&D센터,누리텔레콤,-,-,일반건물,90층 공조실,블로워,,1,,,00-50151143004869,01224273065,"G-type(3상90선식, 단독)",1,1,댄포스,FC102P5K5T90
,201602250045-88,엘지전자,강남R&D센터,서울특별시 강남구 남부순환로 2708 (도곡동) LG전자 강남R&D센터,누리텔레콤,-,-,일반건물,91층 공조실,컴프래서,,1,,,00-50151143004870,01224273066,"G-type(3상91선식, 단독)",1,1,댄포스,FC102P5K5T91
,201602250045-89,엘지전자,강남R&D센터,서울특별시 강남구 남부순환로 2709 (도곡동) LG전자 강남R&D센터,누리텔레콤,-,-,일반건물,92층 공조실,컴프래서,,1,,,00-50151143004871,01224273067,"G-type(3상92선식, 단독)",1,1,댄포스,FC102P5K5T92
,201602250045-90,엘지전자,강남R&D센터,서울특별시 강남구 남부순환로 2710 (도곡동) LG전자 강남R&D센터,누리텔레콤,-,-,일반건물,93층 공조실,컴프래서,,1,,,00-50151143004872,01224273068,"G-type(3상93선식, 단독)",1,1,댄포스,FC102P5K5T93
,201602250045-91,엘지전자,강남R&D센터,서울특별시 강남구 남부순환로 2711 (도곡동) LG전자 강남R&D센터,누리텔레콤,-,-,일반건물,94층 공조실,컴프래서,,1,,,00-50151143004875,01224273069,"G-type(3상94선식, 단독)",1,1,댄포스,FC102P5K5T94
,201602250045-92,엘지전자,강남R&D센터,서울특별시 강남구 남부순환로 2712 (도곡동) LG전자 강남R&D센터,누리텔레콤,-,-,일반건물,95층 공조실,컴프래서,,1,,,00-50151143004877,01224273070,"G-type(3상95선식, 단독)",1,1,댄포스,FC102P5K5T95
,201602250045-93,엘지전자,강남R&D센터,서울특별시 강남구 남부순환로 2713 (도곡동) LG전자 강남R&D센터,누리텔레콤,-,-,일반건물,96층 공조실,컴프래서,,1,,,00-50151143004878,01224273071,"G-type(3상96선식, 단독)",1,1,댄포스,FC102P5K5T96
,201602250045-94,엘지전자,강남R&D센터,서울특별시 강남구 남부순환로 2714 (도곡동) LG전자 강남R&D센터,누리텔레콤,-,-,일반건물,97층 공조실,컴프래서,,1,,,00-50151143004879,01224273072,"G-type(3상97선식, 단독)",1,1,댄포스,FC102P5K5T97
,201602250045-95,엘지전자,강남R&D센터,서울특별시 강남구 남부순환로 2715 (도곡동) LG전자 강남R&D센터,누리텔레콤,-,-,일반건물,98층 공조실,팬,,1,,,00-50151143004881,01224273073,"G-type(3상98선식, 단독)",1,1,댄포스,FC102P5K5T98
,201602250045-96,엘지전자,강남R&D센터,서울특별시 강남구 남부순환로 2716 (도곡동) LG전자 강남R&D센터,누리텔레콤,-,-,일반건물,99층 공조실,펌프,,1,,,00-50151143004882,01224273074,"G-type(3상99선식, 단독)",1,1,댄포스,FC102P5K5T99
,201602250045-97,엘지전자,강남R&D센터,서울특별시 강남구 남부순환로 2717 (도곡동) LG전자 강남R&D센터,누리텔레콤,-,-,일반건물,100층 공조실,컴프래서,,1,,,00-50151143004883,01224273075,"G-type(3상100선식, 단독)",1,1,댄포스,FC102P5K5T100
,201602250045-98,엘지전자,강남R&D센터,서울특별시 강남구 남부순환로 2718 (도곡동) LG전자 강남R&D센터,누리텔레콤,-,-,일반건물,101층 공조실,컴프래서,,1,,,00-50151143004884,01224273076,"G-type(3상101선식, 단독)",1,1,댄포스,FC102P5K5T101
,201602250045-99,엘지전자,강남R&D센터,서울특별시 강남구 남부순환로 2719 (도곡동) LG전자 강남R&D센터,누리텔레콤,-,-,일반건물,102층 공조실,컴프래서,,1,,,00-50151143004886,01224273077,"G-type(3상102선식, 단독)",1,1,댄포스,FC102P5K5T102
,201602250045-100,엘지전자,강남R&D센터,서울특별시 강남구 남부순환로 2720 (도곡동) LG전자 강남R&D센터,누리텔레콤,-,-,일반건물,103층 공조실,컴프래서,,1,,,00-50151143004887,01224273078,"G-type(3상103선식, 단독)",1,1,댄포스,FC102P5K5T103
,201602250045-101,엘지전자,강남R&D센터,서울특별시 강남구 남부순환로 2721 (도곡동) LG전자 강남R&D센터,누리텔레콤,-,-,일반건물,104층 공조실,팬,,1,,,00-50151143004891,01224273079,"G-type(3상104선식, 단독)",1,1,댄포스,FC102P5K5T104
,201602250045-102,엘지전자,강남R&D센터,서울특별시 강남구 남부순환로 2722 (도곡동) LG전자 강남R&D센터,누리텔레콤,-,-,일반건물,105층 공조실,팬,,1,,,00-50151143004892,01224273080,"G-type(3상105선식, 단독)",1,1,댄포스,FC102P5K5T105
,201602250045-103,엘지전자,강남R&D센터,서울특별시 강남구 남부순환로 2723 (도곡동) LG전자 강남R&D센터,누리텔레콤,-,-,일반건물,106층 공조실,컴프래서,,1,,,00-50151143004893,01224273081,"G-type(3상106선식, 단독)",1,1,댄포스,FC102P5K5T106
,201602250045-104,엘지전자,강남R&D센터,서울특별시 강남구 남부순환로 2724 (도곡동) LG전자 강남R&D센터,누리텔레콤,-,-,일반건물,107층 공조실,팬,,1,,,00-50151143004896,01224273082,"G-type(3상107선식, 단독)",1,1,댄포스,FC102P5K5T107
,201602250045-105,엘지전자,강남R&D센터,서울특별시 강남구 남부순환로 2725 (도곡동) LG전자 강남R&D센터,누리텔레콤,-,-,일반건물,108층 공조실,컴프래서,,1,,,00-50151143004897,01224273083,"G-type(3상108선식, 단독)",1,1,댄포스,FC102P5K5T108
,201602250045-106,엘지전자,강남R&D센터,서울특별시 강남구 남부순환로 2726 (도곡동) LG전자 강남R&D센터,누리텔레콤,-,-,일반건물,109층 공조실,컴프래서,,1,,,00-50151143004898,01224273084,"G-type(3상109선식, 단독)",1,1,댄포스,FC102P5K5T109
,201602250045-107,엘지전자,강남R&D센터,서울특별시 강남구 남부순환로 2727 (도곡동) LG전자 강남R&D센터,누리텔레콤,-,-,일반건물,110층 공조실,펌프,,1,,,00-50151143004899,01224273085,"G-type(3상110선식, 단독)",1,1,댄포스,FC102P5K5T110
,201602250045-108,엘지전자,강남R&D센터,서울특별시 강남구 남부순환로 2728 (도곡동) LG전자 강남R&D센터,누리텔레콤,-,-,일반건물,111층 공조실,펌프,,1,,,00-50151143004900,01224273086,"G-type(3상111선식, 단독)",1,1,댄포스,FC102P5K5T111
,201602250045-109,엘지전자,강남R&D센터,서울특별시 강남구 남부순환로 2729 (도곡동) LG전자 강남R&D센터,누리텔레콤,-,-,일반건물,112층 공조실,컴프래서,,1,,,00-50151143004901,01224273087,"G-type(3상112선식, 단독)",1,1,댄포스,FC102P5K5T112
,201602250045-110,엘지전자,강남R&D센터,서울특별시 강남구 남부순환로 2730 (도곡동) LG전자 강남R&D센터,누리텔레콤,-,-,일반건물,113층 공조실,컴프래서,,1,,,00-50151143004902,01224273088,"G-type(3상113선식, 단독)",1,1,댄포스,FC102P5K5T113
,201602250045-111,엘지전자,강남R&D센터,서울특별시 강남구 남부순환로 2731 (도곡동) LG전자 강남R&D센터,누리텔레콤,-,-,일반건물,114층 공조실,팬,,1,,,00-50151143004903,01224273089,"G-type(3상114선식, 단독)",1,1,댄포스,FC102P5K5T114
,201602250045-112,엘지전자,강남R&D센터,서울특별시 강남구 남부순환로 2732 (도곡동) LG전자 강남R&D센터,누리텔레콤,-,-,일반건물,115층 공조실,컴프래서,,1,,,00-50151143004904,01224273090,"G-type(3상115선식, 단독)",1,1,댄포스,FC102P5K5T115
,201602250045-113,엘지전자,강남R&D센터,서울특별시 강남구 남부순환로 2733 (도곡동) LG전자 강남R&D센터,누리텔레콤,-,-,일반건물,116층 공조실,팬,,1,,,00-50151143004912,01224273091,"G-type(3상116선식, 단독)",1,1,댄포스,FC102P5K5T116
,201602250045-114,엘지전자,강남R&D센터,서울특별시 강남구 남부순환로 2734 (도곡동) LG전자 강남R&D센터,누리텔레콤,-,-,일반건물,117층 공조실,컴프래서,,1,,,00-50151143004913,01224273092,"G-type(3상117선식, 단독)",1,1,댄포스,FC102P5K5T117
,201602250045-115,엘지전자,강남R&D센터,서울특별시 강남구 남부순환로 2735 (도곡동) LG전자 강남R&D센터,누리텔레콤,-,-,일반건물,118층 공조실,팬,,1,,,00-50151143004917,01224273093,"G-type(3상118선식, 단독)",1,1,댄포스,FC102P5K5T118
,201602250045-116,엘지전자,강남R&D센터,서울특별시 강남구 남부순환로 2736 (도곡동) LG전자 강남R&D센터,누리텔레콤,-,-,일반건물,119층 공조실,펌프,,1,,,00-50151143004921,01224273094,"G-type(3상119선식, 단독)",1,1,댄포스,FC102P5K5T119
,201602250045-117,엘지전자,강남R&D센터,서울특별시 강남구 남부순환로 2737 (도곡동) LG전자 강남R&D센터,누리텔레콤,-,-,일반건물,120층 공조실,팬,,1,,,00-50151143004925,01224273095,"G-type(3상120선식, 단독)",1,1,댄포스,FC102P5K5T120
,201602250045-118,엘지전자,강남R&D센터,서울특별시 강남구 남부순환로 2738 (도곡동) LG전자 강남R&D센터,누리텔레콤,-,-,일반건물,121층 공조실,컴프래서,,1,,,00-50151143005161,01224273096,"G-type(3상121선식, 단독)",1,1,댄포스,FC102P5K5T121
,201602250045-119,엘지전자,강남R&D센터,서울특별시 강남구 남부순환로 2739 (도곡동) LG전자 강남R&D센터,누리텔레콤,-,-,일반건물,122층 공조실,컴프래서,,1,,,00-50151143005162,01224273097,"G-type(3상122선식, 단독)",1,1,댄포스,FC102P5K5T122
,201602250045-120,엘지전자,강남R&D센터,서울특별시 강남구 남부순환로 2740 (도곡동) LG전자 강남R&D센터,누리텔레콤,-,-,일반건물,123층 공조실,팬,,1,,,00-50151143005164,01224273098,"G-type(3상123선식, 단독)",1,1,댄포스,FC102P5K5T123
,201602250045-121,엘지전자,강남R&D센터,서울특별시 강남구 남부순환로 2741 (도곡동) LG전자 강남R&D센터,누리텔레콤,-,-,일반건물,124층 공조실,팬,,1,,,00-50151143005166,01224273099,"G-type(3상124선식, 단독)",1,1,댄포스,FC102P5K5T124
,201602250045-122,엘지전자,강남R&D센터,서울특별시 강남구 남부순환로 2742 (도곡동) LG전자 강남R&D센터,누리텔레콤,-,-,일반건물,125층 공조실,펌프,,1,,,00-50151143005167,01224273100,"G-type(3상125선식, 단독)",1,1,댄포스,FC102P5K5T125
,201602250045-123,엘지전자,강남R&D센터,서울특별시 강남구 남부순환로 2743 (도곡동) LG전자 강남R&D센터,누리텔레콤,-,-,일반건물,126층 공조실,팬,,1,,,00-50151143005169,01224273101,"G-type(3상126선식, 단독)",1,1,댄포스,FC102P5K5T126
,201602250045-124,엘지전자,강남R&D센터,서울특별시 강남구 남부순환로 2744 (도곡동) LG전자 강남R&D센터,누리텔레콤,-,-,일반건물,127층 공조실,펌프,,1,,,00-50151143005172,01224273102,"G-type(3상127선식, 단독)",1,1,댄포스,FC102P5K5T127
,201602250045-125,엘지전자,강남R&D센터,서울특별시 강남구 남부순환로 2745 (도곡동) LG전자 강남R&D센터,누리텔레콤,-,-,일반건물,128층 공조실,펌프,,1,,,00-50151143005173,01224273103,"G-type(3상128선식, 단독)",1,1,댄포스,FC102P5K5T128
,201602250045-126,엘지전자,강남R&D센터,서울특별시 강남구 남부순환로 2746 (도곡동) LG전자 강남R&D센터,누리텔레콤,-,-,일반건물,129층 공조실,펌프,,1,,,00-50151143005174,01224273104,"G-type(3상129선식, 단독)",1,1,댄포스,FC102P5K5T129
,201602250045-127,엘지전자,강남R&D센터,서울특별시 강남구 남부순환로 2747 (도곡동) LG전자 강남R&D센터,누리텔레콤,-,-,일반건물,130층 공조실,컴프래서,,1,,,00-50151143005175,01224273105,"G-type(3상130선식, 단독)",1,1,댄포스,FC102P5K5T130
,201602250045-128,엘지전자,강남R&D센터,서울특별시 강남구 남부순환로 2748 (도곡동) LG전자 강남R&D센터,누리텔레콤,-,-,일반건물,131층 공조실,블로워,,1,,,00-50151143005176,01224273106,"G-type(3상131선식, 단독)",1,1,댄포스,FC102P5K5T131
,201602250045-129,엘지전자,강남R&D센터,서울특별시 강남구 남부순환로 2749 (도곡동) LG전자 강남R&D센터,누리텔레콤,-,-,일반건물,132층 공조실,펌프,,1,,,00-50151143005177,01224273107,"G-type(3상132선식, 단독)",1,1,댄포스,FC102P5K5T132
,201602250045-130,엘지전자,강남R&D센터,서울특별시 강남구 남부순환로 2750 (도곡동) LG전자 강남R&D센터,누리텔레콤,-,-,일반건물,133층 공조실,컴프래서,,1,,,00-50151143005178,01224273108,"G-type(3상133선식, 단독)",1,1,댄포스,FC102P5K5T133
,201602250045-131,엘지전자,강남R&D센터,서울특별시 강남구 남부순환로 2751 (도곡동) LG전자 강남R&D센터,누리텔레콤,-,-,일반건물,134층 공조실,컴프래서,,1,,,00-50151143005179,01224273109,"G-type(3상134선식, 단독)",1,1,댄포스,FC102P5K5T134
,201602250045-132,엘지전자,강남R&D센터,서울특별시 강남구 남부순환로 2752 (도곡동) LG전자 강남R&D센터,누리텔레콤,-,-,일반건물,135층 공조실,컴프래서,,1,,,00-50151143005181,01224273110,"G-type(3상135선식, 단독)",1,1,댄포스,FC102P5K5T135
,201602250045-133,엘지전자,강남R&D센터,서울특별시 강남구 남부순환로 2753 (도곡동) LG전자 강남R&D센터,누리텔레콤,-,-,일반건물,136층 공조실,팬,,1,,,00-50151143005183,01224273111,"G-type(3상136선식, 단독)",1,1,댄포스,FC102P5K5T136
,201602250045-134,엘지전자,강남R&D센터,서울특별시 강남구 남부순환로 2754 (도곡동) LG전자 강남R&D센터,누리텔레콤,-,-,일반건물,137층 공조실,컴프래서,,1,,,00-50151143005184,01224273112,"G-type(3상137선식, 단독)",1,1,댄포스,FC102P5K5T137
,201602250045-135,엘지전자,강남R&D센터,서울특별시 강남구 남부순환로 2755 (도곡동) LG전자 강남R&D센터,누리텔레콤,-,-,일반건물,138층 공조실,컴프래서,,1,,,00-50151143005188,01224273113,"G-type(3상138선식, 단독)",1,1,댄포스,FC102P5K5T138
,201602250045-136,엘지전자,강남R&D센터,서울특별시 강남구 남부순환로 2756 (도곡동) LG전자 강남R&D센터,누리텔레콤,-,-,일반건물,139층 공조실,컴프래서,,1,,,00-50151143005189,01224273114,"G-type(3상139선식, 단독)",1,1,댄포스,FC102P5K5T139
,201602250045-137,엘지전자,강남R&D센터,서울특별시 강남구 남부순환로 2757 (도곡동) LG전자 강남R&D센터,누리텔레콤,-,-,일반건물,140층 공조실,펌프,,1,,,00-50151143007168,01224273115,"G-type(3상140선식, 단독)",1,1,댄포스,FC102P5K5T140
,201602250045-138,엘지전자,강남R&D센터,서울특별시 강남구 남부순환로 2758 (도곡동) LG전자 강남R&D센터,누리텔레콤,-,-,일반건물,141층 공조실,펌프,,1,,,00-50151143007169,01224273116,"G-type(3상141선식, 단독)",1,1,댄포스,FC102P5K5T141
,201602250045-139,엘지전자,강남R&D센터,서울특별시 강남구 남부순환로 2759 (도곡동) LG전자 강남R&D센터,누리텔레콤,-,-,일반건물,142층 공조실,펌프,,1,,,00-50151143007171,01224273117,"G-type(3상142선식, 단독)",1,1,댄포스,FC102P5K5T142
,201602250045-140,엘지전자,강남R&D센터,서울특별시 강남구 남부순환로 2760 (도곡동) LG전자 강남R&D센터,누리텔레콤,-,-,일반건물,143층 공조실,펌프,,1,,,00-50151143007172,01224273118,"G-type(3상143선식, 단독)",1,1,댄포스,FC102P5K5T143
,201602250045-141,엘지전자,강남R&D센터,서울특별시 강남구 남부순환로 2761 (도곡동) LG전자 강남R&D센터,누리텔레콤,-,-,일반건물,144층 공조실,팬,,1,,,00-50151143007174,01224273119,"G-type(3상144선식, 단독)",1,1,댄포스,FC102P5K5T144
,201602250045-142,엘지전자,강남R&D센터,서울특별시 강남구 남부순환로 2762 (도곡동) LG전자 강남R&D센터,누리텔레콤,-,-,일반건물,145층 공조실,팬,,1,,,00-50151143007176,01224273120,"G-type(3상145선식, 단독)",1,1,댄포스,FC102P5K5T145
,201602250045-143,엘지전자,강남R&D센터,서울특별시 강남구 남부순환로 2763 (도곡동) LG전자 강남R&D센터,누리텔레콤,-,-,일반건물,146층 공조실,펌프,,1,,,00-50151143007179,01224273121,"G-type(3상146선식, 단독)",1,1,댄포스,FC102P5K5T146
,201602250045-144,엘지전자,강남R&D센터,서울특별시 강남구 남부순환로 2764 (도곡동) LG전자 강남R&D센터,누리텔레콤,-,-,일반건물,147층 공조실,펌프,,1,,,00-50151143007184,01224273122,"G-type(3상147선식, 단독)",1,1,댄포스,FC102P5K5T147
,201602250045-145,엘지전자,강남R&D센터,서울특별시 강남구 남부순환로 2765 (도곡동) LG전자 강남R&D센터,누리텔레콤,-,-,일반건물,148층 공조실,팬,,1,,,00-50151143007186,01224273123,"G-type(3상148선식, 단독)",1,1,댄포스,FC102P5K5T148
,201602250045-146,엘지전자,강남R&D센터,서울특별시 강남구 남부순환로 2766 (도곡동) LG전자 강남R&D센터,누리텔레콤,-,-,일반건물,149층 공조실,컴프래서,,1,,,01221473998-0101,01224273124,"G-type(3상149선식, 단독)",1,1,댄포스,FC102P5K5T149
,201602250045-147,엘지전자,강남R&D센터,서울특별시 강남구 남부순환로 2767 (도곡동) LG전자 강남R&D센터,누리텔레콤,-,-,일반건물,150층 공조실,팬,,1,,,01221961208-0001,01224273125,"G-type(3상150선식, 단독)",1,1,댄포스,FC102P5K5T150
,201602250045-148,엘지전자,강남R&D센터,서울특별시 강남구 남부순환로 2768 (도곡동) LG전자 강남R&D센터,누리텔레콤,-,-,일반건물,151층 공조실,팬,,1,,,01220435060-0001,01224273126,"G-type(3상151선식, 단독)",1,1,댄포스,FC102P5K5T151
,201602250045-149,엘지전자,강남R&D센터,서울특별시 강남구 남부순환로 2769 (도곡동) LG전자 강남R&D센터,누리텔레콤,-,-,일반건물,152층 공조실,컴프래서,,1,,,01220435061-0001,01224273127,"G-type(3상152선식, 단독)",1,1,댄포스,FC102P5K5T152
,201602250045-150,엘지전자,강남R&D센터,서울특별시 강남구 남부순환로 2770 (도곡동) LG전자 강남R&D센터,누리텔레콤,-,-,일반건물,153층 공조실,펌프,,1,,,01220435092-0001,01224273128,"G-type(3상153선식, 단독)",1,1,댄포스,FC102P5K5T153
,201602250045-151,엘지전자,강남R&D센터,서울특별시 강남구 남부순환로 2771 (도곡동) LG전자 강남R&D센터,누리텔레콤,-,-,일반건물,154층 공조실,컴프래서,,1,,,01220435101-0102,01224273129,"G-type(3상154선식, 단독)",1,1,댄포스,FC102P5K5T154
,201602250045-152,엘지전자,강남R&D센터,서울특별시 강남구 남부순환로 2772 (도곡동) LG전자 강남R&D센터,누리텔레콤,-,-,일반건물,155층 공조실,컴프래서,,1,,,01220435102-0101,01224273130,"G-type(3상155선식, 단독)",1,1,댄포스,FC102P5K5T155
,201602250045-153,엘지전자,강남R&D센터,서울특별시 강남구 남부순환로 2773 (도곡동) LG전자 강남R&D센터,누리텔레콤,-,-,일반건물,156층 공조실,팬,,1,,,01220435118-0102,01224273131,"G-type(3상156선식, 단독)",1,1,댄포스,FC102P5K5T156
,201602250045-154,엘지전자,강남R&D센터,서울특별시 강남구 남부순환로 2774 (도곡동) LG전자 강남R&D센터,누리텔레콤,-,-,일반건물,157층 공조실,컴프래서,,1,,,01220435120-0001,01224273132,"G-type(3상157선식, 단독)",1,1,댄포스,FC102P5K5T157
,201602250045-155,엘지전자,강남R&D센터,서울특별시 강남구 남부순환로 2775 (도곡동) LG전자 강남R&D센터,누리텔레콤,-,-,일반건물,158층 공조실,컴프래서,,1,,,01220800608-0102,01224273133,"G-type(3상158선식, 단독)",1,1,댄포스,FC102P5K5T158
,201602250045-156,엘지전자,강남R&D센터,서울특별시 강남구 남부순환로 2776 (도곡동) LG전자 강남R&D센터,누리텔레콤,-,-,일반건물,159층 공조실,팬,,1,,,01220800629-0102,01224273134,"G-type(3상159선식, 단독)",1,1,댄포스,FC102P5K5T159
,201602250045-157,엘지전자,강남R&D센터,서울특별시 강남구 남부순환로 2777 (도곡동) LG전자 강남R&D센터,누리텔레콤,-,-,일반건물,160층 공조실,펌프,,1,,,01220800631-0001,01224273135,"G-type(3상160선식, 단독)",1,1,댄포스,FC102P5K5T160
,201602250045-158,엘지전자,강남R&D센터,서울특별시 강남구 남부순환로 2778 (도곡동) LG전자 강남R&D센터,누리텔레콤,-,-,일반건물,161층 공조실,펌프,,1,,,01220800633-0001,01224273136,"G-type(3상161선식, 단독)",1,1,댄포스,FC102P5K5T161
,201602250045-159,엘지전자,강남R&D센터,서울특별시 강남구 남부순환로 2779 (도곡동) LG전자 강남R&D센터,누리텔레콤,-,-,일반건물,162층 공조실,팬,,1,,,01220800637-0001,01224273137,"G-type(3상162선식, 단독)",1,1,댄포스,FC102P5K5T162
,201602250045-160,엘지전자,강남R&D센터,서울특별시 강남구 남부순환로 2780 (도곡동) LG전자 강남R&D센터,누리텔레콤,-,-,일반건물,163층 공조실,펌프,,1,,,01220800644-0001,01224273138,"G-type(3상163선식, 단독)",1,1,댄포스,FC102P5K5T163
,201602250045-161,엘지전자,강남R&D센터,서울특별시 강남구 남부순환로 2781 (도곡동) LG전자 강남R&D센터,누리텔레콤,-,-,일반건물,164층 공조실,컴프래서,,1,,,01220800651-0102,01224273139,"G-type(3상164선식, 단독)",1,1,댄포스,FC102P5K5T164
,201602250045-162,엘지전자,강남R&D센터,서울특별시 강남구 남부순환로 2782 (도곡동) LG전자 강남R&D센터,누리텔레콤,-,-,일반건물,165층 공조실,팬,,1,,,01220800652-0102,01224273140,"G-type(3상165선식, 단독)",1,1,댄포스,FC102P5K5T165
,201602250045-163,엘지전자,강남R&D센터,서울특별시 강남구 남부순환로 2783 (도곡동) LG전자 강남R&D센터,누리텔레콤,-,-,일반건물,166층 공조실,팬,,1,,,01220800668-0001,01224273141,"G-type(3상166선식, 단독)",1,1,댄포스,FC102P5K5T166
,201602250045-164,엘지전자,강남R&D센터,서울특별시 강남구 남부순환로 2784 (도곡동) LG전자 강남R&D센터,누리텔레콤,-,-,일반건물,167층 공조실,팬,,1,,,01220800692-0102,01224273142,"G-type(3상167선식, 단독)",1,1,댄포스,FC102P5K5T167
,201602250045-165,엘지전자,강남R&D센터,서울특별시 강남구 남부순환로 2785 (도곡동) LG전자 강남R&D센터,누리텔레콤,-,-,일반건물,168층 공조실,팬,,1,,,01220800700-0001,01224273143,"G-type(3상168선식, 단독)",1,1,댄포스,FC102P5K5T168
,201602250045-166,엘지전자,강남R&D센터,서울특별시 강남구 남부순환로 2786 (도곡동) LG전자 강남R&D센터,누리텔레콤,-,-,일반건물,169층 공조실,팬,,1,,,01220800701-0001,01224273144,"G-type(3상169선식, 단독)",1,1,댄포스,FC102P5K5T169
,201602250045-167,엘지전자,강남R&D센터,서울특별시 강남구 남부순환로 2787 (도곡동) LG전자 강남R&D센터,누리텔레콤,-,-,일반건물,170층 공조실,팬,,1,,,01220800703-0001,01224273145,"G-type(3상170선식, 단독)",1,1,댄포스,FC102P5K5T170
,201602250045-168,엘지전자,강남R&D센터,서울특별시 강남구 남부순환로 2788 (도곡동) LG전자 강남R&D센터,누리텔레콤,-,-,일반건물,171층 공조실,컴프래서,,1,,,01220800726-0102,01224273146,"G-type(3상171선식, 단독)",1,1,댄포스,FC102P5K5T171
,201602250045-169,엘지전자,강남R&D센터,서울특별시 강남구 남부순환로 2789 (도곡동) LG전자 강남R&D센터,누리텔레콤,-,-,일반건물,172층 공조실,펌프,,1,,,01220800737-0001,01224273147,"G-type(3상172선식, 단독)",1,1,댄포스,FC102P5K5T172
,201602250045-170,엘지전자,강남R&D센터,서울특별시 강남구 남부순환로 2790 (도곡동) LG전자 강남R&D센터,누리텔레콤,-,-,일반건물,173층 공조실,펌프,,1,,,01220800747-0001,01224273148,"G-type(3상173선식, 단독)",1,1,댄포스,FC102P5K5T173
,201602250045-171,엘지전자,강남R&D센터,서울특별시 강남구 남부순환로 2791 (도곡동) LG전자 강남R&D센터,누리텔레콤,-,-,일반건물,174층 공조실,펌프,,1,,,01221123994-0101,01224273149,"G-type(3상174선식, 단독)",1,1,댄포스,FC102P5K5T174
,201602250045-172,엘지전자,강남R&D센터,서울특별시 강남구 남부순환로 2792 (도곡동) LG전자 강남R&D센터,누리텔레콤,-,-,일반건물,175층 공조실,팬,,1,,,01221241194-0001,01224273150,"G-type(3상175선식, 단독)",1,1,댄포스,FC102P5K5T175
,201602250045-173,엘지전자,강남R&D센터,서울특별시 강남구 남부순환로 2793 (도곡동) LG전자 강남R&D센터,누리텔레콤,-,-,일반건물,176층 공조실,컴프래서,,1,,,01221241992-0101,01224273151,"G-type(3상176선식, 단독)",1,1,댄포스,FC102P5K5T176
,201602250045-174,엘지전자,강남R&D센터,서울특별시 강남구 남부순환로 2794 (도곡동) LG전자 강남R&D센터,누리텔레콤,-,-,일반건물,177층 공조실,컴프래서,,1,,,01221242841-0101,01224273152,"G-type(3상177선식, 단독)",1,1,댄포스,FC102P5K5T177
,201602250045-175,엘지전자,강남R&D센터,서울특별시 강남구 남부순환로 2795 (도곡동) LG전자 강남R&D센터,누리텔레콤,-,-,일반건물,178층 공조실,컴프래서,,1,,,01221251194-0001,01224273153,"G-type(3상178선식, 단독)",1,1,댄포스,FC102P5K5T178
,201602250045-176,엘지전자,강남R&D센터,서울특별시 강남구 남부순환로 2796 (도곡동) LG전자 강남R&D센터,누리텔레콤,-,-,일반건물,179층 공조실,팬,,1,,,01221251195-0001,01224273154,"G-type(3상179선식, 단독)",1,1,댄포스,FC102P5K5T179
,201602250045-177,엘지전자,강남R&D센터,서울특별시 강남구 남부순환로 2797 (도곡동) LG전자 강남R&D센터,누리텔레콤,-,-,일반건물,180층 공조실,팬,,1,,,01221251195-0002,01224273155,"G-type(3상180선식, 단독)",1,1,댄포스,FC102P5K5T180
,201602250045-178,엘지전자,강남R&D센터,서울특별시 강남구 남부순환로 2798 (도곡동) LG전자 강남R&D센터,누리텔레콤,-,-,일반건물,181층 공조실,컴프래서,,1,,,01221251992-0101,01224273156,"G-type(3상181선식, 단독)",1,1,댄포스,FC102P5K5T181
,201602250045-179,엘지전자,강남R&D센터,서울특별시 강남구 남부순환로 2799 (도곡동) LG전자 강남R&D센터,누리텔레콤,-,-,일반건물,182층 공조실,컴프래서,,1,,,01221253894-0001,01224273157,"G-type(3상182선식, 단독)",1,1,댄포스,FC102P5K5T182
,201602250045-180,엘지전자,강남R&D센터,서울특별시 강남구 남부순환로 2800 (도곡동) LG전자 강남R&D센터,누리텔레콤,-,-,일반건물,183층 공조실,팬,,1,,,01221261195-0001,01224273158,"G-type(3상183선식, 단독)",1,1,댄포스,FC102P5K5T183
,201602250045-181,엘지전자,강남R&D센터,서울특별시 강남구 남부순환로 2801 (도곡동) LG전자 강남R&D센터,누리텔레콤,-,-,일반건물,184층 공조실,컴프래서,,1,,,01221261992-0101,01224273159,"G-type(3상184선식, 단독)",1,1,댄포스,FC102P5K5T184
,201602250045-182,엘지전자,강남R&D센터,서울특별시 강남구 남부순환로 2802 (도곡동) LG전자 강남R&D센터,누리텔레콤,-,-,일반건물,185층 공조실,팬,,1,,,01221262841-0101,01224273160,"G-type(3상185선식, 단독)",1,1,댄포스,FC102P5K5T185
,201602250045-183,엘지전자,강남R&D센터,서울특별시 강남구 남부순환로 2803 (도곡동) LG전자 강남R&D센터,누리텔레콤,-,-,일반건물,186층 공조실,펌프,,1,,,01221263891-0101,01224273161,"G-type(3상186선식, 단독)",1,1,댄포스,FC102P5K5T186
,201602250045-184,엘지전자,강남R&D센터,서울특별시 강남구 남부순환로 2804 (도곡동) LG전자 강남R&D센터,누리텔레콤,-,-,일반건물,187층 공조실,펌프,,1,,,01221271992-0001,01224273162,"G-type(3상187선식, 단독)",1,1,댄포스,FC102P5K5T187
,201602250045-185,엘지전자,강남R&D센터,서울특별시 강남구 남부순환로 2805 (도곡동) LG전자 강남R&D센터,누리텔레콤,-,-,일반건물,188층 공조실,팬,,1,,,01221272841-0001,01224273163,"G-type(3상188선식, 단독)",1,1,댄포스,FC102P5K5T188
,201602250045-186,엘지전자,강남R&D센터,서울특별시 강남구 남부순환로 2806 (도곡동) LG전자 강남R&D센터,누리텔레콤,-,-,일반건물,189층 공조실,팬,,1,,,01221273896-0001,01224273164,"G-type(3상189선식, 단독)",1,1,댄포스,FC102P5K5T189
,201602250045-187,엘지전자,강남R&D센터,서울특별시 강남구 남부순환로 2807 (도곡동) LG전자 강남R&D센터,누리텔레콤,-,-,일반건물,190층 공조실,블로워,,1,,,01221281192-0001,01224273165,"G-type(3상190선식, 단독)",1,1,댄포스,FC102P5K5T190
,201602250045-188,엘지전자,강남R&D센터,서울특별시 강남구 남부순환로 2808 (도곡동) LG전자 강남R&D센터,누리텔레콤,-,-,일반건물,191층 공조실,블로워,,1,,,01221281195-0101,01224273166,"G-type(3상191선식, 단독)",1,1,댄포스,FC102P5K5T191
,201602250045-189,엘지전자,강남R&D센터,서울특별시 강남구 남부순환로 2809 (도곡동) LG전자 강남R&D센터,누리텔레콤,-,-,일반건물,192층 공조실,펌프,,1,,,01221281992-0001,01224273167,"G-type(3상192선식, 단독)",1,1,댄포스,FC102P5K5T192
,201602250045-190,엘지전자,강남R&D센터,서울특별시 강남구 남부순환로 2810 (도곡동) LG전자 강남R&D센터,누리텔레콤,-,-,일반건물,193층 공조실,팬,,1,,,01221282841-0101,01224273168,"G-type(3상193선식, 단독)",1,1,댄포스,FC102P5K5T193
,201602250045-191,엘지전자,강남R&D센터,서울특별시 강남구 남부순환로 2811 (도곡동) LG전자 강남R&D센터,누리텔레콤,-,-,일반건물,194층 공조실,팬,,1,,,01221283890-0001,01224273169,"G-type(3상194선식, 단독)",1,1,댄포스,FC102P5K5T194
,201602250045-192,엘지전자,강남R&D센터,서울특별시 강남구 남부순환로 2812 (도곡동) LG전자 강남R&D센터,누리텔레콤,-,-,일반건물,195층 공조실,팬,,1,,,01221291194-0001,01224273170,"G-type(3상195선식, 단독)",1,1,댄포스,FC102P5K5T195
,201602250045-193,엘지전자,강남R&D센터,서울특별시 강남구 남부순환로 2813 (도곡동) LG전자 강남R&D센터,누리텔레콤,-,-,일반건물,196층 공조실,팬,,1,,,01221291194-0002,01224273171,"G-type(3상196선식, 단독)",1,1,댄포스,FC102P5K5T196
,201602250045-194,엘지전자,강남R&D센터,서울특별시 강남구 남부순환로 2814 (도곡동) LG전자 강남R&D센터,누리텔레콤,-,-,일반건물,197층 공조실,펌프,,1,,,01221291195-0001,01224273172,"G-type(3상197선식, 단독)",1,1,댄포스,FC102P5K5T197
,201602250045-195,엘지전자,강남R&D센터,서울특별시 강남구 남부순환로 2815 (도곡동) LG전자 강남R&D센터,누리텔레콤,-,-,일반건물,198층 공조실,펌프,,1,,,01221291195-0002,01224273173,"G-type(3상198선식, 단독)",1,1,댄포스,FC102P5K5T198
,201602250045-196,엘지전자,강남R&D센터,서울특별시 강남구 남부순환로 2816 (도곡동) LG전자 강남R&D센터,누리텔레콤,-,-,일반건물,199층 공조실,컴프래서,,1,,,01221291992-0101,01224273174,"G-type(3상199선식, 단독)",1,1,댄포스,FC102P5K5T199
,201602250045-197,엘지전자,강남R&D센터,서울특별시 강남구 남부순환로 2817 (도곡동) LG전자 강남R&D센터,누리텔레콤,-,-,일반건물,200층 공조실,펌프,,1,,,01221293892-0001,01224273175,"G-type(3상200선식, 단독)",1,1,댄포스,FC102P5K5T200
,201602250045-198,엘지전자,강남R&D센터,서울특별시 강남구 남부순환로 2818 (도곡동) LG전자 강남R&D센터,누리텔레콤,-,-,일반건물,201층 공조실,펌프,,1,,,01221293893-0001,01224273176,"G-type(3상201선식, 단독)",1,1,댄포스,FC102P5K5T201
,201602250045-199,엘지전자,강남R&D센터,서울특별시 강남구 남부순환로 2819 (도곡동) LG전자 강남R&D센터,누리텔레콤,-,-,일반건물,202층 공조실,팬,,1,,,01221301192-0001,01224273177,"G-type(3상202선식, 단독)",1,1,댄포스,FC102P5K5T202
,201602250045-200,엘지전자,강남R&D센터,서울특별시 강남구 남부순환로 2820 (도곡동) LG전자 강남R&D센터,누리텔레콤,-,-,일반건물,203층 공조실,컴프래서,,1,,,01221301194-0101,01224273178,"G-type(3상203선식, 단독)",1,1,댄포스,FC102P5K5T203
,201602250045-201,엘지전자,강남R&D센터,서울특별시 강남구 남부순환로 2821 (도곡동) LG전자 강남R&D센터,누리텔레콤,-,-,일반건물,204층 공조실,펌프,,1,,,01221301195-0001,01224273179,"G-type(3상204선식, 단독)",1,1,댄포스,FC102P5K5T204
,201602250045-202,엘지전자,강남R&D센터,서울특별시 강남구 남부순환로 2822 (도곡동) LG전자 강남R&D센터,누리텔레콤,-,-,일반건물,205층 공조실,팬,,1,,,01221301505-0001,01224273180,"G-type(3상205선식, 단독)",1,1,댄포스,FC102P5K5T205
,201602250045-203,엘지전자,강남R&D센터,서울특별시 강남구 남부순환로 2823 (도곡동) LG전자 강남R&D센터,누리텔레콤,-,-,일반건물,206층 공조실,팬,,1,,,01221301505-0002,01224273181,"G-type(3상206선식, 단독)",1,1,댄포스,FC102P5K5T206
,201602250045-204,엘지전자,강남R&D센터,서울특별시 강남구 남부순환로 2824 (도곡동) LG전자 강남R&D센터,누리텔레콤,-,-,일반건물,207층 공조실,팬,,1,,,01221311192-0001,01224273182,"G-type(3상207선식, 단독)",1,1,댄포스,FC102P5K5T207
,201602250045-205,엘지전자,강남R&D센터,서울특별시 강남구 남부순환로 2825 (도곡동) LG전자 강남R&D센터,누리텔레콤,-,-,일반건물,208층 공조실,펌프,,1,,,01221311195-0001,01224273183,"G-type(3상208선식, 단독)",1,1,댄포스,FC102P5K5T208
,201602250045-206,엘지전자,강남R&D센터,서울특별시 강남구 남부순환로 2826 (도곡동) LG전자 강남R&D센터,누리텔레콤,-,-,일반건물,209층 공조실,팬,,1,,,01221311195-0002,01224273184,"G-type(3상209선식, 단독)",1,1,댄포스,FC102P5K5T209
,201602250045-207,엘지전자,강남R&D센터,서울특별시 강남구 남부순환로 2827 (도곡동) LG전자 강남R&D센터,누리텔레콤,-,-,일반건물,210층 공조실,컴프래서,,1,,,01221311992-0001,01224273185,"G-type(3상210선식, 단독)",1,1,댄포스,FC102P5K5T210
,201602250045-208,엘지전자,강남R&D센터,서울특별시 강남구 남부순환로 2828 (도곡동) LG전자 강남R&D센터,누리텔레콤,-,-,일반건물,211층 공조실,컴프래서,,1,,,01221312841-0001,01224273186,"G-type(3상211선식, 단독)",1,1,댄포스,FC102P5K5T211
,201602250045-209,엘지전자,강남R&D센터,서울특별시 강남구 남부순환로 2829 (도곡동) LG전자 강남R&D센터,누리텔레콤,-,-,일반건물,212층 공조실,펌프,,1,,,01221321192-0101,01224273187,"G-type(3상212선식, 단독)",1,1,댄포스,FC102P5K5T212
,201602250045-210,엘지전자,강남R&D센터,서울특별시 강남구 남부순환로 2830 (도곡동) LG전자 강남R&D센터,누리텔레콤,-,-,일반건물,213층 공조실,펌프,,1,,,01221321192-0102,01224273188,"G-type(3상213선식, 단독)",1,1,댄포스,FC102P5K5T213
,201602250045-211,엘지전자,강남R&D센터,서울특별시 강남구 남부순환로 2831 (도곡동) LG전자 강남R&D센터,누리텔레콤,-,-,일반건물,214층 공조실,펌프,,1,,,01221321992-0001,01224273189,"G-type(3상214선식, 단독)",1,1,댄포스,FC102P5K5T214
,201602250045-212,엘지전자,강남R&D센터,서울특별시 강남구 남부순환로 2832 (도곡동) LG전자 강남R&D센터,누리텔레콤,-,-,일반건물,215층 공조실,컴프래서,,1,,,01221322841-0001,01224273190,"G-type(3상215선식, 단독)",1,1,댄포스,FC102P5K5T215
,201602250045-213,엘지전자,강남R&D센터,서울특별시 강남구 남부순환로 2833 (도곡동) LG전자 강남R&D센터,누리텔레콤,-,-,일반건물,216층 공조실,펌프,,1,,,01221331192-0001,01224273191,"G-type(3상216선식, 단독)",1,1,댄포스,FC102P5K5T216
,201602250045-214,엘지전자,강남R&D센터,서울특별시 강남구 남부순환로 2834 (도곡동) LG전자 강남R&D센터,누리텔레콤,-,-,일반건물,217층 공조실,펌프,,1,,,01221331195-0101,01224273192,"G-type(3상217선식, 단독)",1,1,댄포스,FC102P5K5T217
,201602250045-215,엘지전자,강남R&D센터,서울특별시 강남구 남부순환로 2835 (도곡동) LG전자 강남R&D센터,누리텔레콤,-,-,일반건물,218층 공조실,컴프래서,,1,,,01221331505-0001,01224273193,"G-type(3상218선식, 단독)",1,1,댄포스,FC102P5K5T218
,201602250045-216,엘지전자,강남R&D센터,서울특별시 강남구 남부순환로 2836 (도곡동) LG전자 강남R&D센터,누리텔레콤,-,-,일반건물,219층 공조실,펌프,,1,,,01221331992-0101,01224273194,"G-type(3상219선식, 단독)",1,1,댄포스,FC102P5K5T219
,201602250045-217,엘지전자,강남R&D센터,서울특별시 강남구 남부순환로 2837 (도곡동) LG전자 강남R&D센터,누리텔레콤,-,-,일반건물,220층 공조실,컴프래서,,1,,,01221332841-0101,01224273195,"G-type(3상220선식, 단독)",1,1,댄포스,FC102P5K5T220
,201602250045-218,엘지전자,강남R&D센터,서울특별시 강남구 남부순환로 2838 (도곡동) LG전자 강남R&D센터,누리텔레콤,-,-,일반건물,221층 공조실,팬,,1,,,01221333897-0101,01224273196,"G-type(3상221선식, 단독)",1,1,댄포스,FC102P5K5T221
,201602250045-219,엘지전자,강남R&D센터,서울특별시 강남구 남부순환로 2839 (도곡동) LG전자 강남R&D센터,누리텔레콤,-,-,일반건물,222층 공조실,컴프래서,,1,,,01221340019-0101,01224273197,"G-type(3상222선식, 단독)",1,1,댄포스,FC102P5K5T222
,201602250045-220,엘지전자,강남R&D센터,서울특별시 강남구 남부순환로 2840 (도곡동) LG전자 강남R&D센터,누리텔레콤,-,-,일반건물,223층 공조실,팬,,1,,,01221341192-0001,01224273198,"G-type(3상223선식, 단독)",1,1,댄포스,FC102P5K5T223
,201602250045-221,엘지전자,강남R&D센터,서울특별시 강남구 남부순환로 2841 (도곡동) LG전자 강남R&D센터,누리텔레콤,-,-,일반건물,224층 공조실,블로워,,1,,,01221341192-0003,01224273199,"G-type(3상224선식, 단독)",1,1,댄포스,FC102P5K5T224
,201602250045-222,엘지전자,강남R&D센터,서울특별시 강남구 남부순환로 2842 (도곡동) LG전자 강남R&D센터,누리텔레콤,-,-,일반건물,225층 공조실,팬,,1,,,01221341992-0001,01224273200,"G-type(3상225선식, 단독)",1,1,댄포스,FC102P5K5T225
,201602250045-223,엘지전자,강남R&D센터,서울특별시 강남구 남부순환로 2843 (도곡동) LG전자 강남R&D센터,누리텔레콤,-,-,일반건물,226층 공조실,팬,,1,,,01221351192-0001,01224273201,"G-type(3상226선식, 단독)",1,1,댄포스,FC102P5K5T226
,201602250045-224,엘지전자,강남R&D센터,서울특별시 강남구 남부순환로 2844 (도곡동) LG전자 강남R&D센터,누리텔레콤,-,-,일반건물,227층 공조실,펌프,,1,,,01221351193-0001,01224273202,"G-type(3상227선식, 단독)",1,1,댄포스,FC102P5K5T227
,201602250045-225,엘지전자,강남R&D센터,서울특별시 강남구 남부순환로 2845 (도곡동) LG전자 강남R&D센터,누리텔레콤,-,-,일반건물,228층 공조실,팬,,1,,,01221351992-0001,01224273203,"G-type(3상228선식, 단독)",1,1,댄포스,FC102P5K5T228
,201602250045-226,엘지전자,강남R&D센터,서울특별시 강남구 남부순환로 2846 (도곡동) LG전자 강남R&D센터,누리텔레콤,-,-,일반건물,229층 공조실,팬,,1,,,01221351992-0002,01224273204,"G-type(3상229선식, 단독)",1,1,댄포스,FC102P5K5T229
,201602250045-227,엘지전자,강남R&D센터,서울특별시 강남구 남부순환로 2847 (도곡동) LG전자 강남R&D센터,누리텔레콤,-,-,일반건물,230층 공조실,팬,,1,,,01221351992-0003,01224273205,"G-type(3상230선식, 단독)",1,1,댄포스,FC102P5K5T230
,201602250045-228,엘지전자,강남R&D센터,서울특별시 강남구 남부순환로 2848 (도곡동) LG전자 강남R&D센터,누리텔레콤,-,-,일반건물,231층 공조실,팬,,1,,,01221351992-0004,01224273206,"G-type(3상231선식, 단독)",1,1,댄포스,FC102P5K5T231
,201602250045-229,엘지전자,강남R&D센터,서울특별시 강남구 남부순환로 2849 (도곡동) LG전자 강남R&D센터,누리텔레콤,-,-,일반건물,232층 공조실,팬,,1,,,01221361192-0001,01224273207,"G-type(3상232선식, 단독)",1,1,댄포스,FC102P5K5T232
,201602250045-230,엘지전자,강남R&D센터,서울특별시 강남구 남부순환로 2850 (도곡동) LG전자 강남R&D센터,누리텔레콤,-,-,일반건물,233층 공조실,컴프래서,,1,,,01221361195-0001,01224273208,"G-type(3상233선식, 단독)",1,1,댄포스,FC102P5K5T233
,201602250045-231,엘지전자,강남R&D센터,서울특별시 강남구 남부순환로 2851 (도곡동) LG전자 강남R&D센터,누리텔레콤,-,-,일반건물,234층 공조실,팬,,1,,,01221363899-0001,01224273209,"G-type(3상234선식, 단독)",1,1,댄포스,FC102P5K5T234
,201602250045-232,엘지전자,강남R&D센터,서울특별시 강남구 남부순환로 2852 (도곡동) LG전자 강남R&D센터,누리텔레콤,-,-,일반건물,235층 공조실,블로워,,1,,,01221371191-0101,01224273210,"G-type(3상235선식, 단독)",1,1,댄포스,FC102P5K5T235
,201602250045-233,엘지전자,강남R&D센터,서울특별시 강남구 남부순환로 2853 (도곡동) LG전자 강남R&D센터,누리텔레콤,-,-,일반건물,236층 공조실,팬,,1,,,01221371195-0001,01224273211,"G-type(3상236선식, 단독)",1,1,댄포스,FC102P5K5T236
,201602250045-234,엘지전자,강남R&D센터,서울특별시 강남구 남부순환로 2854 (도곡동) LG전자 강남R&D센터,누리텔레콤,-,-,일반건물,237층 공조실,컴프래서,,1,,,01221371505-0101,01224273212,"G-type(3상237선식, 단독)",1,1,댄포스,FC102P5K5T237
,201602250045-235,엘지전자,강남R&D센터,서울특별시 강남구 남부순환로 2855 (도곡동) LG전자 강남R&D센터,누리텔레콤,-,-,일반건물,238층 공조실,팬,,1,,,01221371992-0001,01224273213,"G-type(3상238선식, 단독)",1,1,댄포스,FC102P5K5T238
,201602250045-236,엘지전자,강남R&D센터,서울특별시 강남구 남부순환로 2856 (도곡동) LG전자 강남R&D센터,누리텔레콤,-,-,일반건물,239층 공조실,컴프래서,,1,,,01221372841-0101,01224273214,"G-type(3상239선식, 단독)",1,1,댄포스,FC102P5K5T239
,201602250045-237,엘지전자,강남R&D센터,서울특별시 강남구 남부순환로 2857 (도곡동) LG전자 강남R&D센터,누리텔레콤,-,-,일반건물,240층 공조실,팬,,1,,,01221380019-0001,01224273215,"G-type(3상240선식, 단독)",1,1,댄포스,FC102P5K5T240
,201602250045-238,엘지전자,강남R&D센터,서울특별시 강남구 남부순환로 2858 (도곡동) LG전자 강남R&D센터,누리텔레콤,-,-,일반건물,241층 공조실,펌프,,1,,,01221381192-0001,01224273216,"G-type(3상241선식, 단독)",1,1,댄포스,FC102P5K5T241
,201602250045-239,엘지전자,강남R&D센터,서울특별시 강남구 남부순환로 2859 (도곡동) LG전자 강남R&D센터,누리텔레콤,-,-,일반건물,242층 공조실,컴프래서,,1,,,01221381193-0001,01224273217,"G-type(3상242선식, 단독)",1,1,댄포스,FC102P5K5T242
,201602250045-240,엘지전자,강남R&D센터,서울특별시 강남구 남부순환로 2860 (도곡동) LG전자 강남R&D센터,누리텔레콤,-,-,일반건물,243층 공조실,팬,,1,,,01221381194-0001,01224273218,"G-type(3상243선식, 단독)",1,1,댄포스,FC102P5K5T243
,201602250045-241,엘지전자,강남R&D센터,서울특별시 강남구 남부순환로 2861 (도곡동) LG전자 강남R&D센터,누리텔레콤,-,-,일반건물,244층 공조실,컴프래서,,1,,,01221381195-0001,01224273219,"G-type(3상244선식, 단독)",1,1,댄포스,FC102P5K5T244
,201602250045-242,엘지전자,강남R&D센터,서울특별시 강남구 남부순환로 2862 (도곡동) LG전자 강남R&D센터,누리텔레콤,-,-,일반건물,245층 공조실,팬,,1,,,01221382841-0102,01224273220,"G-type(3상245선식, 단독)",1,1,댄포스,FC102P5K5T245
,201602250045-243,엘지전자,강남R&D센터,서울특별시 강남구 남부순환로 2863 (도곡동) LG전자 강남R&D센터,누리텔레콤,-,-,일반건물,246층 공조실,펌프,,1,,,01221391191-0001,01224273221,"G-type(3상246선식, 단독)",1,1,댄포스,FC102P5K5T246
,201602250045-244,엘지전자,강남R&D센터,서울특별시 강남구 남부순환로 2864 (도곡동) LG전자 강남R&D센터,누리텔레콤,-,-,일반건물,247층 공조실,펌프,,1,,,01221391191-0002,01224273222,"G-type(3상247선식, 단독)",1,1,댄포스,FC102P5K5T247
,201602250045-245,엘지전자,강남R&D센터,서울특별시 강남구 남부순환로 2865 (도곡동) LG전자 강남R&D센터,누리텔레콤,-,-,일반건물,248층 공조실,컴프래서,,1,,,01221391192-0001,01224273223,"G-type(3상248선식, 단독)",1,1,댄포스,FC102P5K5T248
,201602250045-246,엘지전자,강남R&D센터,서울특별시 강남구 남부순환로 2866 (도곡동) LG전자 강남R&D센터,누리텔레콤,-,-,일반건물,249층 공조실,팬,,1,,,01221391505-0001,01224273224,"G-type(3상249선식, 단독)",1,1,댄포스,FC102P5K5T249
,201602250045-247,엘지전자,강남R&D센터,서울특별시 강남구 남부순환로 2867 (도곡동) LG전자 강남R&D센터,누리텔레콤,-,-,일반건물,250층 공조실,컴프래서,,1,,,01221392841-0001,01224273225,"G-type(3상250선식, 단독)",1,1,댄포스,FC102P5K5T250
,201602250045-248,엘지전자,강남R&D센터,서울특별시 강남구 남부순환로 2868 (도곡동) LG전자 강남R&D센터,누리텔레콤,-,-,일반건물,251층 공조실,팬,,1,,,01221401191-0001,01224273226,"G-type(3상251선식, 단독)",1,1,댄포스,FC102P5K5T251
,201602250045-249,엘지전자,강남R&D센터,서울특별시 강남구 남부순환로 2869 (도곡동) LG전자 강남R&D센터,누리텔레콤,-,-,일반건물,252층 공조실,팬,,1,,,01221401192-0001,01224273227,"G-type(3상252선식, 단독)",1,1,댄포스,FC102P5K5T252
,201602250045-250,엘지전자,강남R&D센터,서울특별시 강남구 남부순환로 2870 (도곡동) LG전자 강남R&D센터,누리텔레콤,-,-,일반건물,253층 공조실,펌프,,1,,,01221401193-0001,01224273228,"G-type(3상253선식, 단독)",1,1,댄포스,FC102P5K5T253
,201602250045-251,엘지전자,강남R&D센터,서울특별시 강남구 남부순환로 2871 (도곡동) LG전자 강남R&D센터,누리텔레콤,-,-,일반건물,254층 공조실,팬,,1,,,01221402841-0001,01224273229,"G-type(3상254선식, 단독)",1,1,댄포스,FC102P5K5T254
,201602250045-252,엘지전자,강남R&D센터,서울특별시 강남구 남부순환로 2872 (도곡동) LG전자 강남R&D센터,누리텔레콤,-,-,일반건물,255층 공조실,컴프래서,,1,,,01221410019-0001,01224273230,"G-type(3상255선식, 단독)",1,1,댄포스,FC102P5K5T255
,201602250045-253,엘지전자,강남R&D센터,서울특별시 강남구 남부순환로 2873 (도곡동) LG전자 강남R&D센터,누리텔레콤,-,-,일반건물,256층 공조실,컴프래서,,1,,,01221411191-0001,01224273231,"G-type(3상256선식, 단독)",1,1,댄포스,FC102P5K5T256
,201602250045-254,엘지전자,강남R&D센터,서울특별시 강남구 남부순환로 2874 (도곡동) LG전자 강남R&D센터,누리텔레콤,-,-,일반건물,257층 공조실,팬,,1,,,01221411192-0001,01224273232,"G-type(3상257선식, 단독)",1,1,댄포스,FC102P5K5T257
,201602250045-255,엘지전자,강남R&D센터,서울특별시 강남구 남부순환로 2875 (도곡동) LG전자 강남R&D센터,누리텔레콤,-,-,일반건물,258층 공조실,팬,,1,,,01221411192-0002,01224273233,"G-type(3상258선식, 단독)",1,1,댄포스,FC102P5K5T258
,201602250045-256,엘지전자,강남R&D센터,서울특별시 강남구 남부순환로 2876 (도곡동) LG전자 강남R&D센터,누리텔레콤,-,-,일반건물,259층 공조실,컴프래서,,1,,,01221412841-0001,01224273234,"G-type(3상259선식, 단독)",1,1,댄포스,FC102P5K5T259
,201602250045-257,엘지전자,강남R&D센터,서울특별시 강남구 남부순환로 2877 (도곡동) LG전자 강남R&D센터,누리텔레콤,-,-,일반건물,260층 공조실,팬,,1,,,01221421192-0001,01224273235,"G-type(3상260선식, 단독)",1,1,댄포스,FC102P5K5T260
,201602250045-258,엘지전자,강남R&D센터,서울특별시 강남구 남부순환로 2878 (도곡동) LG전자 강남R&D센터,누리텔레콤,-,-,일반건물,261층 공조실,팬,,1,,,01221421992-0001,01224273236,"G-type(3상261선식, 단독)",1,1,댄포스,FC102P5K5T261
,201602250045-259,엘지전자,강남R&D센터,서울특별시 강남구 남부순환로 2879 (도곡동) LG전자 강남R&D센터,누리텔레콤,-,-,일반건물,262층 공조실,펌프,,1,,,01221423979-0001,01224273237,"G-type(3상262선식, 단독)",1,1,댄포스,FC102P5K5T262
,201602250045-260,엘지전자,강남R&D센터,서울특별시 강남구 남부순환로 2880 (도곡동) LG전자 강남R&D센터,누리텔레콤,-,-,일반건물,263층 공조실,펌프,,1,,,01221423980-0001,01224273238,"G-type(3상263선식, 단독)",1,1,댄포스,FC102P5K5T263
,201602250045-261,엘지전자,강남R&D센터,서울특별시 강남구 남부순환로 2881 (도곡동) LG전자 강남R&D센터,누리텔레콤,-,-,일반건물,264층 공조실,펌프,,1,,,01221423981-0001,01224273239,"G-type(3상264선식, 단독)",1,1,댄포스,FC102P5K5T264
,201602250045-262,엘지전자,강남R&D센터,서울특별시 강남구 남부순환로 2882 (도곡동) LG전자 강남R&D센터,누리텔레콤,-,-,일반건물,265층 공조실,펌프,,1,,,01221423984-0001,01224273240,"G-type(3상265선식, 단독)",1,1,댄포스,FC102P5K5T265
,201602250045-263,엘지전자,강남R&D센터,서울특별시 강남구 남부순환로 2883 (도곡동) LG전자 강남R&D센터,누리텔레콤,-,-,일반건물,266층 공조실,컴프래서,,1,,,01221423987-0101,01224273241,"G-type(3상266선식, 단독)",1,1,댄포스,FC102P5K5T266
,201602250045-264,엘지전자,강남R&D센터,서울특별시 강남구 남부순환로 2884 (도곡동) LG전자 강남R&D센터,누리텔레콤,-,-,일반건물,267층 공조실,컴프래서,,1,,,01221423990-0101,01224273242,"G-type(3상267선식, 단독)",1,1,댄포스,FC102P5K5T267
,201602250045-265,엘지전자,강남R&D센터,서울특별시 강남구 남부순환로 2885 (도곡동) LG전자 강남R&D센터,누리텔레콤,-,-,일반건물,268층 공조실,펌프,,1,,,01221423991-0001,01224273243,"G-type(3상268선식, 단독)",1,1,댄포스,FC102P5K5T268
,201602250045-266,엘지전자,강남R&D센터,서울특별시 강남구 남부순환로 2886 (도곡동) LG전자 강남R&D센터,누리텔레콤,-,-,일반건물,269층 공조실,펌프,,1,,,01221423992-0001,01224273244,"G-type(3상269선식, 단독)",1,1,댄포스,FC102P5K5T269
,201602250045-267,엘지전자,강남R&D센터,서울특별시 강남구 남부순환로 2887 (도곡동) LG전자 강남R&D센터,누리텔레콤,-,-,일반건물,270층 공조실,팬,,1,,,01221431191-0001,01224273245,"G-type(3상270선식, 단독)",1,1,댄포스,FC102P5K5T270
,201602250045-268,엘지전자,강남R&D센터,서울특별시 강남구 남부순환로 2888 (도곡동) LG전자 강남R&D센터,누리텔레콤,-,-,일반건물,271층 공조실,컴프래서,,1,,,01221431193-0101,01224273246,"G-type(3상271선식, 단독)",1,1,댄포스,FC102P5K5T271
,201602250045-269,엘지전자,강남R&D센터,서울특별시 강남구 남부순환로 2889 (도곡동) LG전자 강남R&D센터,누리텔레콤,-,-,일반건물,272층 공조실,펌프,,1,,,01221433978-0001,01224273247,"G-type(3상272선식, 단독)",1,1,댄포스,FC102P5K5T272
,201602250045-270,엘지전자,강남R&D센터,서울특별시 강남구 남부순환로 2890 (도곡동) LG전자 강남R&D센터,누리텔레콤,-,-,일반건물,273층 공조실,컴프래서,,1,,,01221433988-0101,01224273248,"G-type(3상273선식, 단독)",1,1,댄포스,FC102P5K5T273
,201602250045-271,엘지전자,강남R&D센터,서울특별시 강남구 남부순환로 2891 (도곡동) LG전자 강남R&D센터,누리텔레콤,-,-,일반건물,274층 공조실,컴프래서,,1,,,01221433993-0101,01224273249,"G-type(3상274선식, 단독)",1,1,댄포스,FC102P5K5T274
,201602250045-272,엘지전자,강남R&D센터,서울특별시 강남구 남부순환로 2892 (도곡동) LG전자 강남R&D센터,누리텔레콤,-,-,일반건물,275층 공조실,컴프래서,,1,,,01221440019-0001,01224273250,"G-type(3상275선식, 단독)",1,1,댄포스,FC102P5K5T275
,201602250045-273,엘지전자,강남R&D센터,서울특별시 강남구 남부순환로 2893 (도곡동) LG전자 강남R&D센터,누리텔레콤,-,-,일반건물,276층 공조실,팬,,1,,,01221441191-0001,01224273251,"G-type(3상276선식, 단독)",1,1,댄포스,FC102P5K5T276
,201602250045-274,엘지전자,강남R&D센터,서울특별시 강남구 남부순환로 2894 (도곡동) LG전자 강남R&D센터,누리텔레콤,-,-,일반건물,277층 공조실,컴프래서,,1,,,01221441193-0101,01224273252,"G-type(3상277선식, 단독)",1,1,댄포스,FC102P5K5T277
,201602250045-275,엘지전자,강남R&D센터,서울특별시 강남구 남부순환로 2895 (도곡동) LG전자 강남R&D센터,누리텔레콤,-,-,일반건물,278층 공조실,팬,,1,,,01221441194-0001,01224273253,"G-type(3상278선식, 단독)",1,1,댄포스,FC102P5K5T278
,201602250045-276,엘지전자,강남R&D센터,서울특별시 강남구 남부순환로 2896 (도곡동) LG전자 강남R&D센터,누리텔레콤,-,-,일반건물,279층 공조실,컴프래서,,1,,,01221443996-0101,01224273254,"G-type(3상279선식, 단독)",1,1,댄포스,FC102P5K5T279
,201602250045-277,엘지전자,강남R&D센터,서울특별시 강남구 남부순환로 2897 (도곡동) LG전자 강남R&D센터,누리텔레콤,-,-,일반건물,280층 공조실,펌프,,1,,,01221446618-0001,01224273255,"G-type(3상280선식, 단독)",1,1,댄포스,FC102P5K5T280
,201602250045-278,엘지전자,강남R&D센터,서울특별시 강남구 남부순환로 2898 (도곡동) LG전자 강남R&D센터,누리텔레콤,-,-,일반건물,281층 공조실,블로워,,1,,,01221446630-0001,01224273256,"G-type(3상281선식, 단독)",1,1,댄포스,FC102P5K5T281
,201602250045-279,엘지전자,강남R&D센터,서울특별시 강남구 남부순환로 2899 (도곡동) LG전자 강남R&D센터,누리텔레콤,-,-,일반건물,282층 공조실,컴프래서,,1,,,01221451192-0001,01224273257,"G-type(3상282선식, 단독)",1,1,댄포스,FC102P5K5T282
,201602250045-280,엘지전자,강남R&D센터,서울특별시 강남구 남부순환로 2900 (도곡동) LG전자 강남R&D센터,누리텔레콤,-,-,일반건물,283층 공조실,블로워,,1,,,01221463998-0101,01224273258,"G-type(3상283선식, 단독)",1,1,댄포스,FC102P5K5T283
